,행정동,center_lat,center_lon,주차장수,최소거리(m)
0,자양4동,37.52935905105584,127.0571309287452,0.0,0.0
1,자양4동,37.52846195433536,127.05826800233535,0.0,0.0
2,자양4동,37.52936328972488,127.05826268699352,0.0,0.0
3,자양4동,37.530264624975835,127.05825737141488,0.0,0.0
4,자양4동,37.53116596008823,127.05825205559948,0.0,0.0
5,자양4동,37.53206729506207,127.05824673954726,0.0,0.0
6,자양4동,37.52846618202236,127.05939974720329,0.0,0.0
7,자양4동,37.529367517548685,127.0593944454786,0.0,0.0
8,자양4동,37.53026885293645,127.05938914351772,0.0,0.0
9,자양4동,37.53117018818566,127.0593838413207,0.0,0.0
10,자양4동,37.53207152329632,127.05937853888749,0.0,0.0
11,자양4동,37.53297285826846,127.059373236218,0.0,0.0
12,자양4동,37.533874193102015,127.05936793331236,0.0,0.0
13,자양4동,37.52756906306315,127.06053678017932,0.0,0.0
14,자양4동,37.52847039886447,127.06053149230738,0.0,0.0
15,자양4동,37.52937173452725,127.06052620419986,0.0,0.0
16,자양4동,37.53027307005147,127.06052091585678,0.0,0.0
17,자양4동,37.53117440543717,127.06051562727814,0.0,0.0
18,자양4동,37.5320757406843,127.06051033846389,0.0,0.0
19,자양4동,37.53297707579288,127.06050504941403,0.0,0.0
20,자양4동,37.53387841076293,127.0604997601286,0.0,0.0
21,자양4동,37.534779745594406,127.06049447060752,0.0,0.0
22,자양4동,37.535681080287326,127.0604891808508,0.0,0.0
23,자양4동,37.52757326892427,127.06166851190238,0.0,0.0
24,자양4동,37.52847460486171,127.061663237647,0.0,0.0
25,자양4동,37.529375940660586,127.06165796315668,0.0,0.0
26,자양4동,37.53027727632092,127.0616526884314,0.0,0.0
27,자양4동,37.53117861184272,127.06164741347112,0.0,0.0
28,자양4동,37.532079947225974,127.0616421382759,0.0,0.0
29,자양4동,37.532981282470686,127.06163686284567,3.0,37.0
30,자양4동,37.53388261757683,127.0616315871804,7.0,48.0
31,자양4동,37.53478395254445,127.06162631128018,0.0,0.0
32,자양4동,37.535685287373504,127.06162103514492,1.0,54.0
33,자양4동,37.53658662206401,127.06161575877458,1.0,35.0
34,자양4동,37.537487956615976,127.06161048216926,0.0,0.0
35,자양4동,37.52667612772915,127.06280550426484,0.0,0.0
36,자양4동,37.52757746394086,127.06280024386037,0.0,0.0
37,자양4동,37.52847880001405,127.06279498322158,0.0,0.0
38,자양4동,37.529380135948685,127.06278972234844,0.0,0.0
39,자양4동,37.53028147174477,127.06278446124097,0.0,0.0
40,자양4동,37.53118280740233,127.06277919989913,0.0,0.0
41,자양4동,37.53208414292134,127.0627739383229,0.0,0.0
42,자양4동,37.532985478301825,127.06276867651228,0.0,0.0
43,자양4동,37.53388681354376,127.06276341446728,0.0,0.0
44,자양4동,37.53478814864715,127.06275815218788,0.0,0.0
45,자양4동,37.53568948361198,127.06275288967404,0.0,0.0
46,자양4동,37.53659081843827,127.06274762692578,0.0,0.0
47,자양4동,37.53749215312602,127.06274236394307,0.0,0.0
48,자양4동,37.538393487675194,127.06273710072593,0.0,0.0
49,자양4동,37.53929482208584,127.0627318372743,0.0,0.0
50,자양4동,37.52668031176578,127.0639372228412,0.0,0.0
51,자양4동,37.5275816481129,127.06393197605271,0.0,0.0
52,자양4동,37.528482984321485,127.06392672903053,0.0,0.0
53,자양4동,37.52938432039152,127.0639214817746,0.0,0.0
54,자양4동,37.53028565632304,127.06391623428492,0.0,0.0
55,자양4동,37.531186992116005,127.0639109865615,0.0,0.0
56,자양4동,37.532088327770424,127.06390573860428,0.0,0.0
57,자양4동,37.53298966328633,127.06390049041332,0.0,0.0
58,자양4동,37.53389099866368,127.06389524198856,0.0,0.0
59,자양4동,37.53479233390249,127.06388999333,0.0,0.0
60,자양4동,37.53569366900274,127.0638847444376,1.0,30.0
61,자양4동,37.53659500396447,127.0638794953114,0.0,0.0
62,자양4동,37.537496338787655,127.06387424595135,0.0,0.0
63,자양4동,37.538397673472275,127.0638689963575,0.0,0.0
64,자양4동,37.53929900801836,127.06386374652972,0.0,0.0
65,자양4동,37.54020034242587,127.06385849646814,0.0,0.0
66,자양4동,37.54110167669485,127.06385324617264,0.0,0.0
67,자양4동,37.52578314833754,127.06507417459056,0.0,0.0
68,자양4동,37.5266844849582,127.06506894165122,0.0,0.0
69,자양4동,37.52758582144037,127.06506370847876,0.0,0.0
70,자양4동,37.52848715778402,127.06505847507316,0.0,0.0
71,자양4동,37.52938849398912,127.06505324143448,0.0,0.0
72,자양4동,37.53028983005568,127.06504800756264,0.0,0.0
73,자양4동,37.5311911659837,127.06504277345763,1.0,23.0
74,자양4동,37.5320925017732,127.06503753911949,0.0,0.0
75,자양4동,37.532993837424165,127.06503230454813,0.0,0.0
76,자양4동,37.53389517293659,127.06502706974362,0.0,0.0
77,자양4동,37.53479650831047,127.0650218347059,0.0,0.0
78,자양4동,37.5356978435458,127.06501659943498,0.0,0.0
79,자양4동,37.53659917864261,127.06501136393084,0.0,0.0
80,자양4동,37.537500513600854,127.06500612819347,0.0,0.0
81,자양4동,37.538401848420584,127.0650008922229,0.0,0.0
82,자양4동,37.53930318310174,127.06499565601906,0.0,0.0
83,자양4동,37.54020451764437,127.06499041958196,0.0,0.0
84,자양4동,37.54110585204843,127.06498518291156,0.0,0.0
85,화양동,37.542007186313974,127.06497994600792,0.0,0.0
86,화양동,37.542908520440946,127.06497470887096,0.0,0.0
87,화양동,37.543809854429384,127.06496947150067,0.0,0.0
88,자양3동,37.52578731055106,127.06620588001832,0.0,0.0
89,자양3동,37.52668864730644,127.06620066069438,0.0,0.0
90,자양3동,37.5275899839233,127.06619544113792,0.0,0.0
91,자양3동,37.52849132040164,127.06619022134898,0.0,0.0
92,자양3동,37.52939265674144,127.0661850013275,0.0,0.0
93,자양4동,37.5302939929427,127.06617978107349,0.0,0.0
94,자양4동,37.531195329005456,127.06617456058692,0.0,0.0
95,자양4동,37.53209666492965,127.0661693398678,0.0,0.0
96,자양4동,37.53299800071533,127.06616411891612,0.0,0.0
97,자양4동,37.533899336362474,127.06615889773188,0.0,0.0
98,자양4동,37.534800671871075,127.06615367631504,0.0,0.0
99,자양4동,37.53570200724114,127.0661484546656,0.0,0.0
100,자양4동,37.53660334247267,127.06614323278352,0.0,0.0
101,자양4동,37.53750467756565,127.06613801066884,0.0,0.0
102,자양4동,37.538406012520106,127.06613278832155,0.0,0.0
103,자양4동,37.53930734733602,127.0661275657416,0.0,0.0
104,자양4동,37.54020868201338,127.066122342929,1.0,36.0
105,자양4동,37.54111001655219,127.06611711988371,0.0,0.0
106,화양동,37.54201135095247,127.0661118966058,0.0,0.0
107,화양동,37.542912685214205,127.06610667309516,0.0,0.0
108,화양동,37.543814019337375,127.06610144935186,0.0,0.0
109,화양동,37.54471535332202,127.06609622537584,0.0,0.0
110,화양동,37.54561668716809,127.06609100116708,0.0,0.0
111,자양3동,37.52579146192072,127.06733758567856,0.0,0.0
112,자양3동,37.52669279881045,127.06733237997004,0.0,0.0
113,자양3동,37.52759413556166,127.0673271740296,0.0,0.0
114,자양3동,37.528495472174335,127.0673219678573,0.0,0.0
115,자양3동,37.52939680864849,127.06731676145309,0.0,0.0
116,자양3동,37.530298144984116,127.06731155481688,0.0,0.0
117,자양3동,37.53119948118122,127.0673063479488,1.0,57.0
118,자양3동,37.53210081723978,127.06730114084873,0.0,0.0
119,자양4동,37.53300215315982,127.06729593351668,0.0,0.0
120,자양4동,37.533903488941334,127.06729072595272,0.0,0.0
121,자양4동,37.53480482458431,127.06728551815677,0.0,0.0
122,자양4동,37.53570616008874,127.0672803101288,0.0,0.0
123,자양4동,37.53660749545466,127.06727510186884,0.0,0.0
124,자양4동,37.53750883068202,127.06726989337687,0.0,0.0
125,자양4동,37.53841016577085,127.06726468465288,0.0,0.0
126,자양4동,37.53931150072116,127.06725947569682,0.0,0.0
127,자양4동,37.540212835532905,127.06725426650874,0.0,0.0
128,화양동,37.541114170206114,127.06724905708862,0.0,0.0
129,화양동,37.5420155047408,127.0672438474364,0.0,0.0
130,화양동,37.54291683913691,127.06723863755212,0.0,0.0
131,화양동,37.5438181733945,127.06723342743577,0.0,0.0
132,화양동,37.54471950751354,127.06722821708728,0.0,0.0
133,화양동,37.54562084149402,127.06722300650668,0.0,0.0
134,화양동,37.54652217533598,127.06721779569396,0.0,0.0
135,화양동,37.54742350903937,127.06721258464913,0.0,0.0
136,자양3동,37.52489426528428,127.06847448343252,0.0,0.0
137,자양3동,37.52579560244651,127.0684692915707,0.0,0.0
138,자양3동,37.52669693947023,127.0684640994776,0.0,0.0
139,자양3동,37.527598276355434,127.0684589071532,0.0,0.0
140,자양3동,37.52849961310212,127.06845371459754,0.0,0.0
141,자양3동,37.52940094971027,127.06844852181054,0.0,0.0
142,자양3동,37.5303022861799,127.0684433287922,0.0,0.0
143,자양3동,37.53120362251099,127.06843813554258,0.0,0.0
144,자양3동,37.53210495870358,127.0684329420616,0.0,0.0
145,자양3동,37.533006294757634,127.06842774834924,0.0,0.0
146,자양3동,37.53390763067315,127.06842255440554,0.0,0.0
147,자양3동,37.53480896645016,127.06841736023048,0.0,0.0
148,자양4동,37.53571030208862,127.068412165824,0.0,0.0
149,자양4동,37.53661163758855,127.06840697118616,0.0,0.0
150,자양4동,37.53751297294995,127.06840177631688,0.0,0.0
151,자양4동,37.538414308172825,127.0683965812162,1.0,31.0
152,자양4동,37.53931564325714,127.06839138588408,0.0,0.0
153,자양4동,37.540216978202935,127.06838619032054,0.0,0.0
154,화양동,37.54111831301019,127.06838099452554,0.0,0.0
155,화양동,37.542019647678906,127.06837579849908,0.0,0.0
156,화양동,37.54292098220908,127.06837060224112,0.0,0.0
157,화양동,37.543822316600725,127.06836540575172,0.0,0.0
158,화양동,37.54472365085381,127.06836020903084,0.0,0.0
159,화양동,37.54562498496837,127.06835501207838,0.0,0.0
160,화양동,37.54652631894437,127.06834981489446,0.0,0.0
161,화양동,37.54742765278182,127.068344617479,0.0,0.0
162,군자동,37.54832898648073,127.068339419832,0.0,0.0
163,군자동,37.5492303200411,127.06833422195344,0.0,0.0
164,자양3동,37.52489839483254,127.06960617594108,0.0,0.0
165,자양3동,37.52579973212842,127.06960099769408,0.0,0.0
166,자양3동,37.52670106928577,127.06959581921642,0.0,0.0
167,자양3동,37.52760240630462,127.06959064050812,0.0,0.0
168,자양3동,37.52850374318496,127.06958546156906,0.0,0.0
169,자양3동,37.52940507992675,127.06958028239934,0.0,0.0
170,자양3동,37.530306416530046,127.06957510299888,0.0,0.0
171,자양3동,37.5312077529948,127.06956992336772,0.0,0.0
172,자양3동,37.53210908932103,127.06956474350582,0.0,0.0
173,자양3동,37.53301042550875,127.06955956341316,0.0,0.0
174,자양3동,37.533911761557945,127.06955438308977,0.0,0.0
175,자양3동,37.53481309746862,127.0695492025356,0.0,0.0
176,자양3동,37.53571443324075,127.06954402175064,0.0,0.0
177,자양3동,37.53661576887435,127.06953884073486,0.0,0.0
178,자양3동,37.53751710436944,127.06953365948834,0.0,0.0
179,자양4동,37.53841843972599,127.06952847801098,0.0,0.0
180,자양4동,37.539319774944005,127.0695232963028,0.0,0.0
181,화양동,37.540221110023474,127.0695181143638,1.0,41.0
182,화양동,37.54112244496442,127.06951293219394,0.0,0.0
183,화양동,37.54202377976683,127.06950774979325,0.0,0.0
184,화양동,37.54292511443072,127.06950256716163,0.0,0.0
185,화양동,37.54382644895604,127.0694973842992,0.0,0.0
186,화양동,37.54472778334283,127.06949220120588,0.0,0.0
187,화양동,37.545629117591105,127.06948701788164,0.0,0.0
188,화양동,37.54653045170082,127.06948183432648,0.0,0.0
189,화양동,37.547431785671975,127.06947665054042,0.0,0.0
190,군자동,37.54833311950461,127.06947146652344,0.0,0.0
191,군자동,37.5492344531987,127.06946628227549,0.0,0.0
192,군자동,37.55013578675424,127.0694610977966,0.0,0.0
193,군자동,37.55103712017123,127.06945591308676,0.0,0.0
194,자양3동,37.524902513537285,127.07073786868033,0.0,0.0
195,자양3동,37.525803850966454,127.07073270404815,0.0,0.0
196,자양3동,37.52670518825708,127.07072753918597,0.0,0.0
197,자양3동,37.52760652540922,127.07072237409368,0.0,0.0
198,자양3동,37.52850786242284,127.0707172087713,0.0,0.0
199,자양3동,37.52940919929795,127.07071204321883,0.0,0.0
200,자양3동,37.53031053603454,127.0707068774363,0.0,0.0
201,자양3동,37.5312118726326,127.0707017114236,0.0,0.0
202,자양3동,37.532113209092145,127.07069654518078,0.0,0.0
203,자양3동,37.53301454541319,127.07069137870782,0.0,0.0
204,자양3동,37.53391588159569,127.07068621200472,0.0,0.0
205,자양3동,37.53481721763968,127.07068104507148,0.0,0.0
206,자양3동,37.53571855354513,127.070675877908,0.0,0.0
207,자양3동,37.53661988931205,127.0706707105144,0.0,0.0
208,자양3동,37.53752122494046,127.07066554289058,0.0,0.0
209,자양3동,37.538422560430355,127.07066037503658,0.0,0.0
210,자양3동,37.53932389578169,127.07065520695234,0.0,0.0
211,화양동,37.540225230994515,127.0706500386379,0.0,0.0
212,화양동,37.5411265660688,127.0706448700932,0.0,0.0
213,화양동,37.542027901004566,127.07063970131826,0.0,0.0
214,화양동,37.542929235801786,127.07063453231304,0.0,0.0
215,화양동,37.54383057046047,127.07062936307756,0.0,0.0
216,화양동,37.54473190498062,127.07062419361182,0.0,0.0
217,화양동,37.54563323936224,127.07061902391578,0.0,0.0
218,화양동,37.546534573605314,127.07061385398944,1.0,21.0
219,화양동,37.54743590770983,127.0706086838328,0.0,0.0
220,군자동,37.54833724167583,127.0706035134458,0.0,0.0
221,군자동,37.549238575503274,127.07059834282848,0.0,0.0
222,군자동,37.5501399091922,127.07059317198082,0.0,0.0
223,군자동,37.55104124274256,127.07058800090282,0.0,0.0
224,군자동,37.55194257615437,127.07058282959444,0.0,0.0
225,군자동,37.55284390942765,127.07057765805568,0.0,0.0
226,군자동,37.55374524256237,127.07057248628654,0.0,0.0
227,자양3동,37.52400528369786,127.07187471243742,0.0,0.0
228,자양3동,37.52490662139847,127.0718695616496,0.0,0.0
229,자양3동,37.52580795896057,127.07186441063229,0.0,0.0
230,자양3동,37.52670929638414,127.07185925938556,0.0,0.0
231,자양3동,37.52761063366922,127.07185410790932,0.0,0.0
232,자양3동,37.528511970815806,127.07184895620364,0.0,0.0
233,자양3동,37.52941330782385,127.07184380426844,0.0,0.0
234,자양3동,37.53031464469339,127.07183865210378,0.0,0.0
235,자양3동,37.531215981424424,127.0718334997096,0.0,0.0
236,자양3동,37.53211731801692,127.07182834708588,0.0,0.0
237,자양3동,37.5330186544709,127.07182319423264,0.0,0.0
238,자양3동,37.53391999078637,127.07181804114984,0.0,0.0
239,자양3동,37.53482132696333,127.07181288783752,0.0,0.0
240,자양3동,37.53572266300176,127.0718077342956,0.0,0.0
241,자양3동,37.53662399890166,127.0718025805241,0.0,0.0
242,자양3동,37.53752533466304,127.07179742652306,0.0,0.0
243,자양3동,37.5384266702859,127.07179227229236,0.0,0.0
244,자양3동,37.53932800577024,127.0717871178321,0.0,0.0
245,화양동,37.540229341116046,127.0717819631422,0.0,0.0
246,화양동,37.54113067632332,127.07177680822268,0.0,0.0
247,화양동,37.54203201139207,127.07177165307353,0.0,0.0
248,화양동,37.54293334632228,127.0717664976947,0.0,0.0
249,화양동,37.54383468111397,127.07176134208622,0.0,0.0
250,화양동,37.54473601576712,127.07175618624808,0.0,0.0
251,화양동,37.54563735028174,127.07175103018022,1.0,61.0
252,화양동,37.54653868465781,127.0717458738827,1.0,33.0
253,화양동,37.547440018895365,127.07174071735544,0.0,0.0
254,군자동,37.54834135299438,127.07173556059853,0.0,0.0
255,군자동,37.54924268695484,127.07173040361184,0.0,0.0
256,군자동,37.55014402077677,127.0717252463954,0.0,0.0
257,군자동,37.551045354460165,127.07172008894923,0.0,0.0
258,군자동,37.55194668800501,127.07171493127332,0.0,0.0
259,군자동,37.55284802141131,127.07170977336762,0.0,0.0
260,군자동,37.55374935467907,127.07170461523216,0.0,0.0
261,군자동,37.55465068780829,127.07169945686688,0.0,0.0
262,군자동,37.55555202079895,127.0716942982718,0.0,0.0
263,자양2동,37.52400938058292,127.07300639202188,0.0,0.0
264,자양3동,37.52491071841611,127.0730012548483,0.0,0.0
265,자양3동,37.52581205611079,127.0729961174459,0.0,0.0
266,자양3동,37.52671339366696,127.07299097981462,0.0,0.0
267,자양3동,37.52761473108463,127.07298584195448,0.0,0.0
268,자양3동,37.52851606836381,127.0729807038655,0.0,0.0
269,자양3동,37.529417405504454,127.07297556554758,0.0,0.0
270,자양3동,37.53031874250659,127.0729704270008,0.0,0.0
271,자양3동,37.531220079370215,127.07296528822512,0.0,0.0
272,자양3동,37.532121416095315,127.07296014922052,0.0,0.0
273,자양3동,37.53302275268192,127.07295500998698,0.0,0.0
274,자양3동,37.53392408913,127.07294987052455,0.0,0.0
275,자양3동,37.53482542543958,127.07294473083311,0.0,0.0
276,자양3동,37.535726761610626,127.07293959091275,0.0,0.0
277,자양3동,37.53662809764315,127.07293445076344,0.0,0.0
278,자양3동,37.537529433537166,127.0729293103851,0.0,0.0
279,자양3동,37.53843076929265,127.0729241697778,0.0,0.0
280,화양동,37.53933210490961,127.0729190289415,0.0,0.0
281,화양동,37.54023344038805,127.07291388787615,0.0,0.0
282,화양동,37.54113477572797,127.07290874658182,0.0,0.0
283,화양동,37.54203611092936,127.07290360505844,0.0,0.0
284,화양동,37.542937445992195,127.07289846330602,0.0,0.0
285,화양동,37.54383878091654,127.07289332132454,0.0,0.0
286,화양동,37.54474011570234,127.072888179114,0.0,0.0
287,화양동,37.54564145034963,127.07288303667436,0.0,0.0
288,화양동,37.54654278485835,127.07287789400566,0.0,0.0
289,화양동,37.54744411922857,127.07287275110784,1.0,44.0
290,군자동,37.54834545346023,127.07286760798094,0.0,0.0
291,군자동,37.54924678755338,127.07286246462492,0.0,0.0
292,군자동,37.55014812150798,127.07285732103972,0.0,0.0
293,군자동,37.55104945532403,127.07285217722544,0.0,0.0
294,군자동,37.55195078900155,127.072847033182,0.0,0.0
295,군자동,37.55285212254054,127.07284188890937,0.0,0.0
296,군자동,37.55375345594097,127.07283674440755,0.0,0.0
297,군자동,37.554654789202885,127.07283159967658,0.0,0.0
298,군자동,37.55555612232624,127.07282645471638,0.0,0.0
299,군자동,37.55645745531103,127.072821309527,1.0,16.0
300,군자동,37.55735878815731,127.0728161641084,0.0,0.0
301,중곡1동,37.56006278586482,127.07280072647715,0.0,0.0
302,중곡1동,37.56096411815689,127.07279558014162,0.0,0.0
303,자양2동,37.52401346662476,127.07413807183518,0.0,0.0
304,자양2동,37.52491480459018,127.07413294827585,0.0,0.0
305,자양2동,37.525816142417106,127.07412782448831,0.0,0.0
306,자양2동,37.52671748010551,127.07412270047254,0.0,0.0
307,자양2동,37.52761881765543,127.0741175762285,1.0,38.0
308,자양3동,37.52852015506684,127.07411245175618,0.0,0.0
309,자양3동,37.52942149233973,127.0741073270556,0.0,0.0
310,자양3동,37.53032282947411,127.07410220212674,0.0,0.0
311,자양3동,37.53122416647,127.07409707696957,0.0,0.0
312,자양3동,37.53212550332736,127.07409195158412,0.0,0.0
313,자양3동,37.53302684004622,127.07408682597028,0.0,0.0
314,자양3동,37.53392817662657,127.0740817001282,0.0,0.0
315,자양3동,37.5348295130684,127.0740765740577,0.0,0.0
316,자양3동,37.53573084937172,127.07407144775888,0.0,0.0
317,자양3동,37.53663218553651,127.0740663212317,0.0,0.0
318,자양3동,37.5375335215628,127.07406119447614,0.0,0.0
319,자양3동,37.538434857450575,127.0740560674922,0.0,0.0
320,화양동,37.53933619319981,127.07405094027986,0.0,0.0
321,화양동,37.54023752881053,127.07404581283916,0.0,0.0
322,화양동,37.541138864282736,127.07404068516998,0.0,0.0
323,화양동,37.54204019961641,127.0740355572724,0.0,0.0
324,화양동,37.54294153481156,127.07403042914638,0.0,0.0
325,화양동,37.5438428698682,127.07402530079192,0.0,0.0
326,화양동,37.54474420478629,127.074020172209,0.0,0.0
327,화양동,37.545645539565875,127.0740150433976,0.0,0.0
328,화양동,37.546546874206925,127.07400991435772,0.0,0.0
329,군자동,37.54744820870943,127.0740047850894,0.0,0.0
330,군자동,37.548349543073414,127.07399965559247,0.0,0.0
331,군자동,37.549250877298874,127.0739945258671,0.0,0.0
332,군자동,37.5501522113858,127.07398939591322,0.0,0.0
333,군자동,37.55105354533418,127.07398426573076,0.0,0.0
334,군자동,37.55195487914403,127.0739791353198,0.0,0.0
335,군자동,37.55285621281534,127.07397400468024,0.0,0.0
336,군자동,37.55375754634811,127.07396887381212,0.0,0.0
337,군자동,37.55465887974235,127.07396374271543,0.0,0.0
338,군자동,37.555560212998046,127.07395861139015,0.0,0.0
339,군자동,37.55646154611518,127.0739534798363,0.0,0.0
340,군자동,37.55736287909379,127.07394834805382,0.0,0.0
341,군자동,37.55826421193386,127.07394321604272,0.0,0.0
342,군자동,37.55916554463538,127.073938083803,0.0,0.0
343,중곡1동,37.560066877198345,127.0739329513346,0.0,0.0
344,중곡1동,37.56096820962277,127.0739278186376,0.0,0.0
345,중곡1동,37.561869541908656,127.07392268571188,0.0,0.0
346,중곡1동,37.56277087405598,127.07391755255752,0.0,0.0
347,자양2동,37.524017541823405,127.07526975187668,0.0,0.0
348,자양2동,37.52491887992072,127.07526464193168,0.0,0.0
349,자양2동,37.525820217879506,127.07525953175902,0.0,0.0
350,자양2동,37.5267215556998,127.07525442135872,0.0,0.0
351,자양2동,37.5276228933816,127.07524931073078,0.0,0.0
352,자양2동,37.52852423092491,127.07524419987516,0.0,0.0
353,자양2동,37.5294255683297,127.07523908879192,0.0,0.0
354,자양2동,37.53032690559598,127.07523397748096,0.0,0.0
355,자양2동,37.53122824272376,127.07522886594232,0.0,0.0
356,자양3동,37.53212957971303,127.07522375417598,0.0,0.0
357,자양3동,37.5330309165638,127.07521864218192,0.0,0.0
358,자양3동,37.53393225327606,127.07521352996014,0.0,0.0
359,자양3동,37.53483358984981,127.0752084175106,0.0,0.0
360,자양3동,37.53573492628504,127.07520330483337,0.0,0.0
361,자양3동,37.53663626258175,127.07519819192837,0.0,0.0
362,자양3동,37.53753759873997,127.07519307879558,0.0,0.0
363,자양3동,37.538438934759654,127.07518796543502,0.0,0.0
364,화양동,37.539340270640835,127.07518285184668,0.0,0.0
365,화양동,37.54024160638349,127.07517773803052,0.0,0.0
366,화양동,37.54114294198762,127.0751726239866,0.0,0.0
367,화양동,37.54204427745323,127.07516750971482,0.0,0.0
368,화양동,37.54294561278034,127.0751623952152,0.0,0.0
369,화양동,37.54384694796891,127.07515728048776,0.0,0.0
370,화양동,37.544748283018976,127.07515216553249,0.0,0.0
371,화양동,37.5456496179305,127.0751470503493,0.0,0.0
372,화양동,37.5465509527035,127.0751419349383,1.0,43.0
373,능동,37.547452287337975,127.07513681929936,0.0,0.0
374,능동,37.548353621833925,127.07513170343256,0.0,0.0
375,군자동,37.549254956191334,127.07512658733783,0.0,0.0
376,군자동,37.55015629041023,127.07512147101522,0.0,0.0
377,군자동,37.55105762449056,127.07511635446464,0.0,0.0
378,군자동,37.551958958432394,127.07511123768614,0.0,0.0
379,군자동,37.55286029223568,127.0751061206797,1.0,49.0
380,군자동,37.55376162590043,127.07510100344533,0.0,0.0
381,군자동,37.554662959426665,127.07509588598292,1.0,52.0
382,군자동,37.55556429281434,127.07509076829258,0.0,0.0
383,군자동,37.55646562606348,127.0750856503742,0.0,0.0
384,군자동,37.55736695917406,127.07508053222786,0.0,0.0
385,군자동,37.558268292146145,127.07507541385353,0.0,0.0
386,중곡1동,37.55916962497965,127.0750702952511,0.0,0.0
387,중곡1동,37.56007095767462,127.0750651764207,0.0,0.0
388,중곡1동,37.56097229023106,127.07506005736224,0.0,0.0
389,중곡1동,37.56187362264894,127.07505493807572,0.0,0.0
390,중곡1동,37.56277495492828,127.07504981856113,0.0,0.0
391,중곡1동,37.56367628706907,127.07504469881844,0.0,0.0
392,중곡1동,37.56457761907131,127.07503957884772,0.0,0.0
393,자양2동,37.52402160617883,127.0764014321458,0.0,0.0
394,자양2동,37.524922944407656,127.07639633581508,0.0,0.0
395,자양2동,37.525824282497986,127.07639123925732,0.0,0.0
396,자양2동,37.52672562044982,127.07638614247251,0.0,0.0
397,자양2동,37.52762695826316,127.0763810454607,0.0,0.0
398,자양2동,37.528528295938,127.07637594822182,0.0,0.0
399,자양2동,37.52942963347433,127.0763708507559,0.0,0.0
400,자양2동,37.53033097087216,127.07636575306287,0.0,0.0
401,자양2동,37.53123230813149,127.07636065514278,0.0,0.0
402,자양2동,37.53213364525233,127.07635555699558,1.0,27.0
403,자양1동,37.53303498223465,127.07635045862126,2.0,66.0
404,자양1동,37.53393631907848,127.07634536001984,18.0,53.0
405,자양1동,37.53483765578378,127.07634026119132,6.0,46.0
406,자양3동,37.53573899235058,127.07633516213562,21.0,45.0
407,자양3동,37.536640328778866,127.07633006285278,11.0,49.0
408,자양3동,37.537541665068645,127.07632496334278,4.0,54.0
409,자양1동,37.53844300121992,127.07631986360563,0.0,0.0
410,화양동,37.53934433723268,127.07631476364128,0.0,0.0
411,화양동,37.54024567310692,127.07630966344976,0.0,0.0
412,화양동,37.54114700884262,127.076304563031,0.0,0.0
413,화양동,37.542048344439834,127.07629946238504,0.0,0.0
414,화양동,37.54294967989852,127.07629436151188,0.0,0.0
415,화양동,37.54385101521869,127.07628926041149,0.0,0.0
416,화양동,37.54475235040035,127.0762841590838,1.0,51.0
417,화양동,37.54565368544348,127.07627905752892,0.0,0.0
418,능동,37.54655502034809,127.07627395574674,0.0,0.0
419,능동,37.54745635511416,127.07626885373728,0.0,0.0
420,능동,37.54835768974171,127.07626375150052,0.0,0.0
421,능동,37.54925902423074,127.0762586490365,0.0,0.0
422,능동,37.55016035858125,127.07625354634516,0.0,0.0
423,군자동,37.55106169279321,127.07624844342648,0.0,0.0
424,군자동,37.55196302686665,127.07624334028048,0.0,0.0
425,군자동,37.552864360801586,127.07623823690714,1.0,50.0
426,군자동,37.55376569459795,127.07623313330645,2.0,58.0
427,군자동,37.554667028255814,127.07622802947836,0.0,0.0
428,군자동,37.55556836177512,127.07622292542295,1.0,32.0
429,군자동,37.5564696951559,127.07621782114012,0.0,0.0
430,군자동,37.55737102839814,127.07621271662993,0.0,0.0
431,군자동,37.55827236150184,127.07620761189231,1.0,50.0
432,중곡1동,37.55917369446701,127.07620250692727,0.0,0.0
433,중곡1동,37.56007502729364,127.07619740173485,0.0,0.0
434,중곡1동,37.56097635998172,127.07619229631494,0.0,0.0
435,중곡1동,37.561877692531255,127.07618719066758,0.0,0.0
436,중곡1동,37.562779024942266,127.0761820847928,0.0,0.0
437,중곡1동,37.56368035721471,127.07617697869053,0.0,0.0
438,중곡1동,37.56458168934862,127.07617187236076,0.0,0.0
439,중곡1동,37.56548302134398,127.0761667658035,0.0,0.0
440,중곡1동,37.5663843532008,127.07616165901877,0.0,0.0
441,자양2동,37.524025659691006,127.07753311264196,0.0,0.0
442,자양2동,37.52492699805102,127.07752802992552,0.0,0.0
443,자양2동,37.52582833627254,127.07752294698268,0.0,0.0
444,자양2동,37.52672967435555,127.0775178638134,0.0,0.0
445,자양2동,37.52763101230008,127.0775127804177,0.0,0.0
446,자양2동,37.52853235010612,127.07750769679556,0.0,0.0
447,자양2동,37.52943368777365,127.07750261294696,1.0,31.0
448,자양2동,37.53033502530267,127.07749752887187,0.0,0.0
449,자양2동,37.5312363626932,127.07749244457032,0.0,0.0
450,자양2동,37.53213769994523,127.07748736004228,0.0,0.0
451,자양1동,37.53303903705876,127.07748227528772,0.0,0.0
452,자양1동,37.53394037403379,127.0774771903067,0.0,0.0
453,자양1동,37.53484171087031,127.07747210509912,0.0,0.0
454,자양1동,37.53574304756833,127.077467019665,0.0,0.0
455,자양1동,37.53664438412783,127.07746193400438,0.0,0.0
456,자양1동,37.537545720548835,127.07745684811717,11.0,68.0
457,자양1동,37.53844705683133,127.07745176200343,0.0,0.0
458,화양동,37.53934839297531,127.07744667566308,0.0,0.0
459,화양동,37.540249728980776,127.07744158909615,0.0,0.0
460,화양동,37.54115106484774,127.07743650230265,0.0,0.0
461,화양동,37.54205240057618,127.0774314152825,0.0,0.0
462,화양동,37.542953736166105,127.07742632803578,0.0,0.0
463,화양동,37.543855071617514,127.07742124056242,0.0,0.0
464,화양동,37.54475640693042,127.0774161528624,0.0,0.0
465,화양동,37.54565774210481,127.07741106493576,0.0,0.0
466,능동,37.54655907714066,127.07740597678244,0.0,0.0
467,능동,37.54746041203799,127.07740088840248,0.0,0.0
468,능동,37.54836174679679,127.0773957997958,0.0,0.0
469,능동,37.549263081417095,127.07739071096246,0.0,0.0
470,능동,37.55016441589887,127.0773856219024,0.0,0.0
471,능동,37.5510657502421,127.07738053261563,0.0,0.0
472,능동,37.55196708444683,127.07737544310214,0.0,0.0
473,능동,37.552868418513015,127.07737035336191,2.0,37.0
474,군자동,37.553769752440665,127.07736526339497,0.0,0.0
475,군자동,37.5546710862298,127.07736017320124,7.0,18.0
476,군자동,37.55557241988039,127.07735508278074,0.0,0.0
477,군자동,37.55647375339246,127.07734999213346,0.0,0.0
478,군자동,37.557375086765994,127.07734490125942,0.0,0.0
479,중곡1동,37.558276420001,127.07733981015856,0.0,0.0
480,중곡1동,37.55917775309744,127.07733471883088,0.0,0.0
481,중곡1동,37.560079086055374,127.0773296272764,1.0,46.0
482,중곡1동,37.56098041887477,127.0773245354951,0.0,0.0
483,중곡1동,37.561881751555624,127.07731944348694,0.0,0.0
484,중곡1동,37.56278308409792,127.07731435125191,0.0,0.0
485,중곡1동,37.563684416501694,127.07730925879008,0.0,0.0
486,중곡1동,37.56458574876691,127.07730416610131,1.0,53.0
487,중곡1동,37.5654870808936,127.0772990731857,0.0,0.0
488,중곡3동,37.566388412881714,127.07729398004318,0.0,0.0
489,중곡3동,37.56728974473132,127.07728888667376,0.0,0.0
490,중곡3동,37.56819107644235,127.0772837930774,0.0,0.0
491,중곡3동,37.56909240801485,127.07727869925414,0.0,0.0
492,자양2동,37.524029702359975,127.0786647933645,0.0,0.0
493,자양2동,37.52493104085082,127.07865972426238,0.0,0.0
494,자양2동,37.525832379203145,127.07865465493444,0.0,0.0
495,자양2동,37.526733717416995,127.07864958538067,0.0,0.0
496,자양2동,37.527635055492354,127.07864451560114,0.0,0.0
497,자양2동,37.52853639342924,127.07863944559573,0.0,0.0
498,자양2동,37.52943773122761,127.07863437536446,0.0,0.0
499,자양2동,37.530339068887486,127.07862930490734,0.0,0.0
500,자양2동,37.53124040640887,127.07862423422436,0.0,0.0
501,자양2동,37.53214174379174,127.07861916331548,0.0,0.0
502,자양1동,37.533043081036126,127.07861409218069,0.0,0.0
503,자양1동,37.53394441814201,127.07860902082004,1.0,25.0
504,자양1동,37.534845755109394,127.07860394923344,0.0,0.0
505,자양1동,37.53574709193827,127.07859887742096,0.0,0.0
506,자양1동,37.536648428628645,127.0785938053825,0.0,0.0
507,자양1동,37.53754976518053,127.07858873311812,0.0,0.0
508,자양1동,37.5384511015939,127.07858366062776,0.0,0.0
509,화양동,37.53935243786875,127.07857858791144,0.0,0.0
510,화양동,37.54025377400511,127.07857351496916,0.0,0.0
511,화양동,37.54115511000294,127.07856844180088,0.0,0.0
512,화양동,37.54205644586228,127.0785633684066,0.0,0.0
513,화양동,37.54295778158309,127.0785582947863,0.0,0.0
514,화양동,37.54385911716539,127.07855322094,0.0,0.0
515,화양동,37.5447604526092,127.07854814686765,0.0,0.0
516,능동,37.54566178791447,127.07854307256926,0.0,0.0
517,능동,37.546563123081235,127.07853799804482,0.0,0.0
518,능동,37.547464458109474,127.07853292329436,0.0,0.0
519,능동,37.54836579299918,127.07852784831776,0.0,0.0
520,능동,37.54926712775039,127.0785227731151,0.0,0.0
521,능동,37.550168462363075,127.07851769768637,0.0,0.0
522,능동,37.55106979683723,127.07851262203152,0.0,0.0
523,능동,37.55197113117286,127.07850754615052,0.0,0.0
524,능동,37.55287246536999,127.07850247004345,0.0,0.0
525,능동,37.553773799428555,127.0784973937102,0.0,0.0
526,능동,37.554675133348624,127.07849231715082,0.0,0.0
527,군자동,37.55557646713015,127.07848724036528,0.0,0.0
528,군자동,37.55647780077316,127.07848216335356,0.0,0.0
529,군자동,37.557379134277625,127.07847708611568,0.0,0.0
530,중곡1동,37.55828046764358,127.0784720086516,0.0,0.0
531,중곡1동,37.559181800870974,127.07846693096133,0.0,0.0
532,중곡1동,37.56008313395985,127.0784618530448,0.0,0.0
533,중곡1동,37.560984466910185,127.07845677490208,0.0,0.0
534,중곡1동,37.56188579972199,127.07845169653312,0.0,0.0
535,중곡1동,37.56278713239524,127.07844661793791,0.0,0.0
536,중곡1동,37.56368846492998,127.07844153911648,0.0,0.0
537,중곡1동,37.56458979732617,127.07843646006876,0.0,0.0
538,중곡1동,37.56549112958381,127.07843138079475,0.0,0.0
539,중곡3동,37.566392461702925,127.0784263012945,1.0,23.0
540,중곡3동,37.56729379368347,127.07842122156792,0.0,0.0
541,중곡3동,37.5681951255255,127.07841614161502,0.0,0.0
542,중곡3동,37.56909645722897,127.0784110614358,0.0,0.0
543,중곡3동,37.56999778879389,127.0784059810303,0.0,0.0
544,중곡3동,37.570899120220275,127.07840090039844,0.0,0.0
545,자양2동,37.524033734185686,127.07979647431284,0.0,0.0
546,자양2동,37.52493507280701,127.07979141882504,0.0,0.0
547,자양2동,37.525836411289816,127.07978636311204,0.0,0.0
548,자양2동,37.52673774963416,127.07978130717385,0.0,0.0
549,자양2동,37.52763908784,127.0797762510104,0.0,0.0
550,자양2동,37.528540425907366,127.07977119462174,0.0,0.0
551,자양2동,37.52944176383623,127.07976613800786,0.0,0.0
552,자양2동,37.530343101626606,127.07976108116868,0.0,0.0
553,자양2동,37.531244439278495,127.07975602410428,0.0,0.0
554,자양1동,37.532145776791864,127.07975096681456,0.0,0.0
555,자양1동,37.53304711416676,127.0797459092996,0.0,0.0
556,자양1동,37.53394845140315,127.07974085155932,0.0,0.0
557,자양1동,37.534849788501035,127.07973579359373,0.0,0.0
558,자양1동,37.53575112546043,127.07973073540282,0.0,0.0
559,자양1동,37.53665246228132,127.07972567698656,0.0,0.0
560,자양1동,37.537553798963714,127.07972061834502,0.0,0.0
561,자양1동,37.5384551355076,127.07971555947807,0.0,0.0
562,화양동,37.53935647191299,127.0797105003858,0.0,0.0
563,화양동,37.54025780817988,127.07970544106814,0.0,0.0
564,화양동,37.541159144308246,127.07970038152511,0.0,0.0
565,화양동,37.542060480298105,127.07969532175667,0.0,0.0
566,화양동,37.54296181614947,127.07969026176286,0.0,0.0
567,화양동,37.54386315186231,127.0796852015436,0.0,0.0
568,화양동,37.54476448743665,127.07968014109892,0.0,0.0
569,능동,37.54566582287248,127.07967508042884,0.0,0.0
570,능동,37.54656715816978,127.0796700195333,0.0,0.0
571,능동,37.54746849332857,127.0796649584123,0.0,0.0
572,능동,37.54836982834885,127.0796598970658,0.0,0.0
573,능동,37.54927116323063,127.07965483549388,0.0,0.0
574,능동,37.550172497973875,127.07964977369645,0.0,0.0
575,능동,37.551073832578574,127.07964471167348,0.0,0.0
576,능동,37.55197516704478,127.07963964942503,0.0,0.0
577,능동,37.55287650137247,127.0796345869511,1.0,38.0
578,능동,37.55377783556163,127.07962952425162,0.0,0.0
579,능동,37.55467916961228,127.07962446132656,0.0,0.0
580,능동,37.55558050352438,127.07961939817598,0.0,0.0
581,능동,37.55648183729797,127.07961433479984,0.0,0.0
582,능동,37.55738317093303,127.07960927119812,0.0,0.0
583,중곡1동,37.55828450442956,127.0796042073708,0.0,0.0
584,중곡1동,37.55918583778756,127.07959914331794,0.0,0.0
585,중곡1동,37.560087171007034,127.07959407903944,0.0,0.0
586,중곡1동,37.56098850408797,127.0795890145353,0.0,0.0
587,중곡1동,37.56188983703037,127.07958394980557,0.0,0.0
588,중곡1동,37.562791169834256,127.07957888485018,0.0,0.0
589,중곡1동,37.56369250249959,127.07957381966916,0.0,0.0
590,중곡1동,37.56459383502638,127.0795687542625,0.0,0.0
591,중곡3동,37.565495167414646,127.07956368863012,0.0,0.0
592,중곡3동,37.56639649966437,127.07955862277213,0.0,0.0
593,중곡3동,37.56729783177556,127.07955355668838,1.0,43.0
594,중곡3동,37.56819916374819,127.07954849037895,0.0,0.0
595,중곡3동,37.56910049558229,127.07954342384384,1.0,57.0
596,중곡3동,37.57000182727785,127.07953835708298,0.0,0.0
597,중곡3동,37.57090315883485,127.0795332900964,0.0,0.0
598,자양2동,37.52403775516816,127.08092815548636,0.0,0.0
599,자양2동,37.52493909391959,127.08092311361293,0.0,0.0
600,자양2동,37.52584043253254,127.08091807151489,0.0,0.0
601,자양2동,37.52674177100702,127.0809130291922,0.0,0.0
602,자양2동,37.52764310934299,127.08090798664496,12.0,25.0
603,자양2동,37.52854444754049,127.08090294387304,0.0,0.0
604,자양2동,37.529445785599506,127.08089790087648,0.0,0.0
605,자양2동,37.530347123520016,127.0808928576553,0.0,0.0
606,자양2동,37.53124846130204,127.08088781420946,0.0,0.0
607,자양1동,37.532149798945575,127.08088277053896,0.0,0.0
608,자양1동,37.533051136450624,127.08087772664376,0.0,0.0
609,자양1동,37.53395247381717,127.08087268252388,0.0,0.0
610,자양1동,37.53485381104522,127.08086763817931,1.0,33.0
611,자양1동,37.53575514813477,127.08086259361,0.0,0.0
612,자양1동,37.53665648508583,127.080857548816,1.0,31.0
613,자양1동,37.53755782189839,127.08085250379725,0.0,0.0
614,자양1동,37.53845915857246,127.08084745855376,0.0,0.0
615,자양1동,37.53936049510801,127.0808424130855,0.0,0.0
616,화양동,37.54026183150507,127.08083736739252,0.0,0.0
617,화양동,37.54116316776361,127.08083232147472,0.0,0.0
618,화양동,37.54206450388367,127.08082727533215,0.0,0.0
619,화양동,37.54296583986521,127.0808222289648,0.0,0.0
620,화양동,37.54386717570825,127.08081718237264,0.0,0.0
621,화양동,37.544768511412784,127.08081213555566,0.0,0.0
622,능동,37.54566984697881,127.08080708851386,0.0,0.0
623,능동,37.54657118240631,127.08080204124718,0.0,0.0
624,능동,37.54747251769531,127.08079699375573,0.0,0.0
625,능동,37.5483738528458,127.08079194603933,0.0,0.0
626,능동,37.549275187857766,127.0807868980981,0.0,0.0
627,능동,37.55017652273123,127.080781849932,0.0,0.0
628,능동,37.55107785746616,127.080776801541,0.0,0.0
629,능동,37.55197919206258,127.0807717529251,0.0,0.0
630,능동,37.55288052652049,127.08076670408428,1.0,50.0
631,능동,37.55378186083987,127.08076165501852,1.0,52.0
632,능동,37.55468319502074,127.08075660572788,0.0,0.0
633,능동,37.55558452906308,127.08075155621223,0.0,0.0
634,능동,37.55648586296691,127.08074650647168,0.0,0.0
635,중곡2동,37.55738719673219,127.08074145650616,0.0,0.0
636,중곡2동,37.55828853035898,127.08073640631564,0.0,0.0
637,중곡2동,37.55918986384721,127.08073135590016,0.0,0.0
638,중곡1동,37.56009119719693,127.08072630525967,0.0,0.0
639,중곡1동,37.560992530408114,127.08072125439416,0.0,0.0
640,중곡1동,37.561893863480776,127.08071620330364,0.0,0.0
641,중곡1동,37.56279519641491,127.0807111519881,0.0,0.0
642,중곡1동,37.563696529210496,127.08070610044751,0.0,0.0
643,중곡1동,37.56459786186756,127.08070104868187,0.0,0.0
644,중곡3동,37.56549919438608,127.08069599669116,0.0,0.0
645,중곡3동,37.56640052676608,127.0806909444754,0.0,0.0
646,중곡3동,37.567301859007536,127.08068589203457,0.0,0.0
647,중곡3동,37.56820319111044,127.0806808393686,0.0,0.0
648,중곡3동,37.56910452307483,127.08067578647756,0.0,0.0
649,중곡3동,37.57000585490065,127.0806707333614,0.0,0.0
650,중곡3동,37.570907186587945,127.08066568002012,0.0,0.0
651,자양2동,37.52494310418858,127.0820548086254,0.0,0.0
652,자양2동,37.52584444293131,127.08204978014228,0.0,0.0
653,자양2동,37.52674578153555,127.08204475143518,0.0,0.0
654,자양2동,37.52764712000132,127.08203972250406,15.0,15.0
655,자양2동,37.52854845832861,127.08203469334892,0.0,0.0
656,자양2동,37.52944979651741,127.08202966396976,0.0,0.0
657,자양2동,37.53035113456772,127.0820246343666,0.0,0.0
658,자양2동,37.53125247247954,127.08201960453933,0.0,0.0
659,자양1동,37.532153810252865,127.082014574488,2.0,34.0
660,자양1동,37.53305514788773,127.0820095442126,0.0,0.0
661,자양1동,37.53395648538407,127.08200451371316,1.0,39.0
662,자양1동,37.53485782274194,127.0819994829896,0.0,0.0
663,자양1동,37.535759159961295,127.08199445204194,0.0,0.0
664,자양1동,37.53666049704217,127.08198942087014,0.0,0.0
665,자양1동,37.537561833984554,127.08198438947424,0.0,0.0
666,자양1동,37.53846317078844,127.0819793578542,0.0,0.0
667,자양1동,37.53936450745381,127.08197432601,0.0,0.0
668,화양동,37.54026584398069,127.08196929394164,0.0,0.0
669,화양동,37.54116718036908,127.08196426164916,0.0,0.0
670,구의1동,37.54206851661896,127.08195922913248,0.0,0.0
671,구의1동,37.542969852730344,127.08195419639156,0.0,0.0
672,구의1동,37.54387118870322,127.0819491634265,0.0,0.0
673,화양동,37.544772524537585,127.08194413023722,0.0,0.0
674,능동,37.545673860233464,127.08193909682367,0.0,0.0
675,능동,37.54657519579081,127.08193406318594,0.0,0.0
676,능동,37.54747653120967,127.08192902932396,0.0,0.0
677,능동,37.54837786649,127.08192399523772,0.0,0.0
678,능동,37.54927920163185,127.08191896092724,0.0,0.0
679,능동,37.55018053663515,127.08191392639245,0.0,0.0
680,능동,37.55108187149996,127.08190889163342,0.0,0.0
681,능동,37.55198320622625,127.08190385665006,0.0,0.0
682,능동,37.55288454081402,127.0818988214424,0.0,0.0
683,능동,37.553785875263266,127.0818937860104,0.0,0.0
684,능동,37.55468720957401,127.08188875035412,0.0,0.0
685,능동,37.555588543746246,127.08188371447348,0.0,0.0
686,중곡2동,37.55648987777995,127.0818786783685,0.0,0.0
687,중곡2동,37.55739121167513,127.08187364203916,0.0,0.0
688,중곡2동,37.55829254543181,127.08186860548548,0.0,0.0
689,중곡2동,37.55919387904992,127.0818635687074,0.0,0.0
690,중곡2동,37.56009521252954,127.08185853170492,0.0,0.0
691,중곡2동,37.56099654587062,127.08185349447804,0.0,0.0
692,중곡1동,37.56189787907317,127.08184845702674,0.0,0.0
693,중곡1동,37.56279921213722,127.08184341935105,0.0,0.0
694,중곡1동,37.56370054506272,127.08183838145092,1.0,23.0
695,중곡1동,37.56460187784967,127.08183334332632,0.0,0.0
696,중곡3동,37.56550321049812,127.0818283049773,0.0,0.0
697,중곡3동,37.566404543008034,127.0818232664038,0.0,0.0
698,중곡3동,37.5673058753794,127.0818182276058,0.0,0.0
699,중곡3동,37.56820720761224,127.08181318858335,0.0,0.0
700,중곡3동,37.56910853970654,127.0818081493364,0.0,0.0
701,중곡3동,37.57000987166229,127.08180310986496,0.0,0.0
702,중곡3동,37.57091120347952,127.081798070169,0.0,0.0
703,자양2동,37.524947103613975,127.0831865038618,0.0,0.0
704,자양2동,37.52584844248612,127.08318148899367,0.0,0.0
705,자양2동,37.5267497812198,127.08317647390216,0.0,0.0
706,자양2동,37.527651119815,127.08317145858722,3.0,30.0
707,자양2동,37.52855245827172,127.08316644304888,0.0,0.0
708,자양2동,37.529453796589955,127.08316142728712,0.0,0.0
709,자양2동,37.53035513476971,127.0831564113019,0.0,0.0
710,자양2동,37.53125647281097,127.08315139509328,0.0,0.0
711,자양1동,37.53215781071374,127.08314637866114,0.0,0.0
712,자양1동,37.53305914847804,127.08314136200558,0.0,0.0
713,자양1동,37.533960486103865,127.08313634512652,0.0,0.0
714,자양1동,37.53486182359118,127.083131328024,0.0,0.0
715,자양1동,37.53576316094,127.08312631069796,0.0,0.0
716,자양1동,37.53666449815033,127.08312129314842,1.0,43.0
717,자양1동,37.537565835222175,127.08311627537536,0.0,0.0
718,자양1동,37.53846717215554,127.08311125737876,0.0,0.0
719,자양1동,37.5393685089504,127.08310623915864,0.0,0.0
720,자양1동,37.54026984560676,127.08310122071498,0.0,0.0
721,구의1동,37.54117118212462,127.08309620204776,1.0,39.0
722,구의1동,37.54207251850398,127.08309118315694,0.0,0.0
723,구의1동,37.54297385474485,127.08308616404253,0.0,0.0
724,구의1동,37.5438751908472,127.08308114470456,0.0,0.0
725,구의1동,37.54477652681108,127.08307612514298,0.0,0.0
726,능동,37.545677862636445,127.08307110535776,0.0,0.0
727,능동,37.546579198323286,127.08306608534896,0.0,0.0
728,능동,37.547480533871635,127.08306106511648,0.0,0.0
729,능동,37.54838186928148,127.08305604466038,0.0,0.0
730,능동,37.549283204552815,127.0830510239806,0.0,0.0
731,능동,37.55018453968565,127.0830460030772,0.0,0.0
732,능동,37.55108587467995,127.08304098195008,0.0,0.0
733,능동,37.55198720953576,127.08303596059932,0.0,0.0
734,능동,37.55288854425307,127.08303093902484,0.0,0.0
735,능동,37.55378987883183,127.08302591722664,0.0,0.0
736,능동,37.554691213272115,127.08302089520473,0.0,0.0
737,능동,37.55559254757386,127.08301587295908,1.0,8.0
738,중곡2동,37.55649388173708,127.08301085048969,0.0,0.0
739,중곡2동,37.55739521576181,127.08300582779655,0.0,0.0
740,중곡2동,37.55829654964801,127.08300080487966,0.0,0.0
741,중곡2동,37.55919788339568,127.08299578173902,0.0,0.0
742,중곡2동,37.560099217004826,127.08299075837456,0.0,0.0
743,중곡2동,37.56100055047546,127.08298573478632,0.0,0.0
744,중곡2동,37.56190188380758,127.08298071097428,11.0,57.0
745,중곡2동,37.56280321700115,127.0829756869384,0.0,0.0
746,중곡1동,37.56370455005622,127.08297066267876,0.0,0.0
747,중곡3동,37.564605882972735,127.08296563819522,0.0,0.0
748,중곡3동,37.565507215750735,127.08296061348786,0.0,0.0
749,중곡3동,37.566408548390214,127.08295558855664,0.0,0.0
750,중곡3동,37.567309880891166,127.08295056340155,0.0,0.0
751,중곡3동,37.568211213253555,127.0829455380226,0.0,0.0
752,중곡3동,37.56911254547744,127.08294051241975,0.0,0.0
753,중곡3동,37.57001387756277,127.08293548659302,0.0,0.0
754,중곡3동,37.570915209509586,127.08293046054234,0.0,0.0
755,자양2동,37.524951092195735,127.08431819932164,0.0,0.0
756,자양2동,37.52585243119696,127.08431319806849,0.0,0.0
757,자양2동,37.52675377005972,127.08430819659252,0.0,0.0
758,자양2동,37.52765510878399,127.08430319489378,0.0,0.0
759,자양2동,37.5285564473698,127.08429819297224,0.0,0.0
760,자양2동,37.52945778581714,127.08429319082788,0.0,0.0
761,자양2동,37.53035912412597,127.08428818846068,0.0,0.0
762,자양2동,37.53126046229632,127.08428318587062,0.0,0.0
763,자양1동,37.53216180032821,127.08427818305776,0.0,0.0
764,자양1동,37.5330631382216,127.084273180022,0.0,0.0
765,자양1동,37.53396447597652,127.0842681767634,0.0,0.0
766,자양2동,37.53486581359295,127.08426317328193,2.0,28.0
767,자양2동,37.53576715107088,127.08425816957752,0.0,0.0
768,자양2동,37.53666848841032,127.0842531656502,0.0,0.0
769,구의1동,37.53756982561129,127.08424816150004,0.0,0.0
770,구의1동,37.538471162673765,127.0842431571269,1.0,51.0
771,구의1동,37.53937249959775,127.08423815253084,0.0,0.0
772,구의1동,37.54027383638322,127.08423314771186,0.0,0.0
773,구의1동,37.54117517303021,127.0842281426699,0.0,0.0
774,구의1동,37.5420765095387,127.084223137405,0.0,0.0
775,구의1동,37.542977845908695,127.08421813191708,0.0,0.0
776,구의1동,37.5438791821402,127.08421312620622,0.0,0.0
777,구의1동,37.54478051823321,127.08420812027236,0.0,0.0
778,능동,37.54568185418772,127.08420311411548,0.0,0.0
779,능동,37.54658319000372,127.0841981077356,0.0,0.0
780,능동,37.54748452568121,127.08419310113266,0.0,0.0
781,능동,37.54838586122021,127.08418809430668,0.0,0.0
782,능동,37.549287196620696,127.08418308725768,0.0,0.0
783,능동,37.55018853188269,127.08417807998562,0.0,0.0
784,능동,37.55108986700616,127.08417307249049,0.0,0.0
785,능동,37.551991201991136,127.08416806477229,0.0,0.0
786,능동,37.5528925368376,127.08416305683096,0.0,0.0
787,능동,37.55379387154554,127.08415804866657,0.0,0.0
788,능동,37.55469520611499,127.08415304027902,2.0,20.0
789,중곡2동,37.55559654054591,127.0841480316684,0.0,0.0
790,중곡2동,37.55649787483834,127.0841430228346,1.0,16.0
791,중곡2동,37.55739920899223,127.08413801377772,0.0,0.0
792,중곡2동,37.55830054300762,127.08413300449764,0.0,0.0
793,중곡2동,37.55920187688448,127.0841279949944,2.0,14.0
794,중곡2동,37.56010321062282,127.084122985268,1.0,5.0
795,중곡2동,37.56100454422265,127.08411797531842,6.0,43.0
796,중곡2동,37.561905877683955,127.0841129651456,3.0,41.0
797,중곡2동,37.56280721100675,127.08410795474964,0.0,0.0
798,중곡2동,37.56370854419101,127.0841029441304,0.0,0.0
799,중곡3동,37.56460987723673,127.08409793328798,0.0,0.0
800,중곡3동,37.56551121014395,127.0840929222223,0.0,0.0
801,중곡3동,37.56641254291264,127.0840879109334,0.0,0.0
802,중곡3동,37.567313875542794,127.0840828994212,0.0,0.0
803,중곡3동,37.56821520803442,127.08407788768574,0.0,0.0
804,중곡3동,37.56911654038752,127.084072875727,0.0,0.0
805,중곡3동,37.570017872602094,127.08406786354496,0.0,0.0
806,중곡3동,37.57091920467811,127.08406285113968,0.0,0.0
807,자양2동,37.524955069933874,127.08544989500425,0.0,0.0
808,자양2동,37.52585640906382,127.08544490736608,0.0,0.0
809,자양2동,37.52675774805531,127.0854399195057,0.0,0.0
810,자양2동,37.52765908690832,127.08543493142317,0.0,0.0
811,자양2동,37.528560425622864,127.0854299431184,0.0,0.0
812,자양2동,37.52946176419891,127.08542495459146,0.0,0.0
813,자양2동,37.53036310263651,127.08541996584228,0.0,0.0
814,자양2동,37.53126444093561,127.08541497687084,0.0,0.0
815,자양2동,37.53216577909623,127.0854099876772,0.0,0.0
816,자양2동,37.53306711711837,127.08540499826132,0.0,0.0
817,자양2동,37.53396845500205,127.08540000862313,0.0,0.0
818,자양2동,37.53486979274723,127.0853950187627,0.0,0.0
819,자양2동,37.535771130353915,127.08539002867995,0.0,0.0
820,자양2동,37.53667246782213,127.08538503837492,0.0,0.0
821,구의1동,37.53757380515185,127.0853800478476,0.0,0.0
822,구의1동,37.53847514234309,127.08537505709796,0.0,0.0
823,구의1동,37.53937647939584,127.085370066126,0.0,0.0
824,구의1동,37.5402778163101,127.08536507493169,0.0,0.0
825,구의1동,37.541179153085864,127.08536008351504,0.0,0.0
826,구의1동,37.54208048972314,127.085355091876,0.0,0.0
827,구의1동,37.542981826221926,127.08535010001464,0.0,0.0
828,구의1동,37.543883162582205,127.08534510793088,0.0,0.0
829,구의1동,37.544784498804006,127.08534011562476,0.0,0.0
830,능동,37.545685834887315,127.08533512309616,0.0,0.0
831,능동,37.54658717083209,127.08533013034524,0.0,0.0
832,능동,37.54748850663839,127.08532513737188,1.0,48.0
833,능동,37.548389842306186,127.08532014417604,0.0,0.0
834,능동,37.549291177835485,127.08531515075782,0.0,0.0
835,능동,37.55019251322627,127.08531015711708,0.0,0.0
836,능동,37.55109384847857,127.08530516325396,0.0,0.0
837,능동,37.55199518359235,127.0853001691683,0.0,0.0
838,능동,37.55289651856763,127.0852951748602,0.0,0.0
839,능동,37.5537978534044,127.0852901803296,2.0,32.0
840,능동,37.55469918810266,127.08528518557648,0.0,0.0
841,중곡2동,37.55560052266242,127.08528019060084,0.0,0.0
842,중곡2동,37.55650185708366,127.0852751954027,0.0,0.0
843,중곡2동,37.55740319136638,127.08527019998202,0.0,0.0
844,중곡2동,37.558304525510614,127.08526520433875,1.0,38.0
845,중곡2동,37.55920585951631,127.085260208473,0.0,0.0
846,중곡2동,37.560107193383494,127.0852552123846,0.0,0.0
847,중곡2동,37.56100852711217,127.08525021607367,7.0,30.0
848,중곡2동,37.56190986070233,127.08524521954016,0.0,0.0
849,중곡2동,37.562811194153966,127.08524022278402,0.0,0.0
850,중곡3동,37.56371252746707,127.0852352258053,0.0,0.0
851,중곡3동,37.56461386064166,127.08523022860396,0.0,0.0
852,중곡3동,37.56551519367773,127.08522523117998,0.0,0.0
853,중곡3동,37.566416526575274,127.08522023353336,0.0,0.0
854,중곡3동,37.56731785933431,127.08521523566408,0.0,0.0
855,중곡3동,37.5682191919548,127.08521023757214,1.0,27.0
856,중곡3동,37.56912052443678,127.08520523925752,0.0,0.0
857,중곡3동,37.5700218567802,127.08520024072028,1.0,45.0
858,중곡3동,37.570923188985134,127.08519524196028,0.0,0.0
859,자양2동,37.525860376086705,127.08657661688584,0.0,0.0
860,자양2동,37.52676171520657,127.08657164264108,0.0,0.0
861,자양2동,37.52766305418797,127.08656666817474,0.0,0.0
862,자양2동,37.52856439303089,127.0865616934868,0.0,0.0
863,자양2동,37.52946573173533,127.08655671857728,0.0,0.0
864,자양2동,37.5303670703013,127.08655174344612,0.0,0.0
865,자양2동,37.5312684087288,127.08654676809331,0.0,0.0
866,자양2동,37.53216974701782,127.08654179251891,0.0,0.0
867,자양2동,37.533071085168366,127.08653681672286,1.0,46.0
868,자양2동,37.53397242318044,127.08653184070512,0.0,0.0
869,자양2동,37.53487376105403,127.08652686446575,0.0,0.0
870,자양2동,37.53577509878911,127.0865218880047,0.0,0.0
871,자양2동,37.53667643638574,127.08651691132194,1.0,32.0
872,구의1동,37.53757777384388,127.0865119344175,0.0,0.0
873,구의1동,37.538479111163525,127.08650695729136,0.0,0.0
874,구의1동,37.53938044834469,127.08650197994346,0.0,0.0
875,구의1동,37.54028178538738,127.08649700237386,0.0,0.0
876,구의1동,37.54118312229158,127.08649202458253,0.0,0.0
877,구의1동,37.542084459057286,127.08648704656942,0.0,0.0
878,구의1동,37.5429857956845,127.08648206833456,0.0,0.0
879,구의1동,37.54388713217321,127.08647708987796,0.0,0.0
880,구의1동,37.54478846852344,127.08647211119953,0.0,0.0
881,구의2동,37.54568980473519,127.0864671322993,0.0,0.0
882,구의2동,37.54659114080842,127.08646215317732,0.0,0.0
883,구의2동,37.547492476743166,127.0864571738335,0.0,0.0
884,구의2동,37.54839381253941,127.08645219426784,2.0,25.0
885,구의2동,37.54929514819716,127.08644721448036,0.0,0.0
886,능동,37.550196483716434,127.08644223447106,0.0,0.0
887,능동,37.55109781909716,127.0864372542399,1.0,61.0
888,능동,37.5519991543394,127.08643227378684,4.0,50.0
889,능동,37.55290048944314,127.08642729311194,1.0,40.0
890,능동,37.553801824408374,127.08642231221512,3.0,50.0
891,중곡2동,37.55470315923511,127.0864173310964,0.0,0.0
892,중곡2동,37.55560449392335,127.08641234975582,0.0,0.0
893,중곡2동,37.556505828473064,127.08640736819328,0.0,0.0
894,중곡2동,37.55740716288428,127.08640238640884,0.0,0.0
895,중곡2동,37.558308497156986,127.08639740440248,0.0,0.0
896,중곡2동,37.55920983129118,127.08639242217411,1.0,14.0
897,중곡2동,37.56011116528684,127.08638743972382,9.0,10.0
898,중곡2동,37.56101249914401,127.08638245705156,0.0,0.0
899,중곡2동,37.56191383286266,127.0863774741573,0.0,0.0
900,중곡2동,37.5628151664428,127.08637249104106,0.0,0.0
901,중곡3동,37.563716499884414,127.08636750770285,0.0,0.0
902,중곡3동,37.564617833187505,127.08636252414256,0.0,0.0
903,중곡3동,37.56551916635208,127.0863575403603,0.0,0.0
904,중곡3동,37.56642049937815,127.086352556356,0.0,0.0
905,중곡4동,37.56732183226569,127.08634757212964,0.0,0.0
906,중곡4동,37.56822316501472,127.08634258768124,0.0,0.0
907,중곡4동,37.5691244976252,127.08633760301076,0.0,0.0
908,중곡4동,37.570025830097165,127.08633261811822,0.0,0.0
909,자양2동,37.525864332265606,127.0877083266272,0.0,0.0
910,자양2동,37.52676567151349,127.08770336599804,0.0,0.0
911,자양2동,37.52766701062291,127.0876984051479,0.0,0.0
912,자양2동,37.52856834959387,127.0876934440768,0.0,0.0
913,자양2동,37.52946968842634,127.08768848278469,0.0,0.0
914,자양2동,37.53037102712036,127.08768352127156,1.0,18.0
915,자양2동,37.531272365675896,127.08767855953744,0.0,0.0
916,자양2동,37.53217370409294,127.08767359758228,0.0,0.0
917,자양2동,37.53307504237154,127.08766863540608,0.0,0.0
918,자양2동,37.533976380511675,127.0876636730088,0.0,0.0
919,자양2동,37.53487771851331,127.08765871039051,0.0,0.0
920,자양2동,37.53577905637647,127.08765374755112,0.0,0.0
921,자양2동,37.53668039410114,127.08764878449064,0.0,0.0
922,구의1동,37.53758173168734,127.0876438212091,0.0,0.0
923,구의1동,37.53848306913506,127.08763885770644,1.0,31.0
924,구의1동,37.5393844064443,127.08763389398268,0.0,0.0
925,구의1동,37.540285743615065,127.08762893003777,0.0,0.0
926,구의1동,37.541187080647326,127.08762396587171,0.0,0.0
927,구의1동,37.54208841754111,127.08761900148458,0.0,0.0
928,구의1동,37.5429897542964,127.08761403687626,0.0,0.0
929,구의1동,37.5438910909132,127.08760907204676,0.0,0.0
930,구의1동,37.54479242739152,127.0876041069961,0.0,0.0
931,구의2동,37.54569376373134,127.08759914172424,2.0,53.0
932,구의2동,37.546595099932695,127.0875941762312,0.0,0.0
933,구의2동,37.54749643599552,127.08758921051697,0.0,0.0
934,구의2동,37.54839777191986,127.08758424458148,2.0,31.0
935,구의2동,37.54929910770573,127.0875792784248,0.0,0.0
936,구의2동,37.55020044335309,127.08757431204688,0.0,0.0
937,능동,37.551101778861934,127.08756934544768,0.0,0.0
938,능동,37.552003114232285,127.08756437862726,6.0,26.0
939,능동,37.552904449464144,127.08755941158556,4.0,43.0
940,능동,37.5538057845575,127.08755444432258,1.0,59.0
941,중곡2동,37.554707119512365,127.08754947683828,0.0,0.0
942,중곡2동,37.555608454328706,127.0875445091327,0.0,0.0
943,중곡2동,37.556509789006554,127.08753954120584,0.0,0.0
944,중곡2동,37.5574111235459,127.08753457305764,1.0,51.0
945,중곡2동,37.55831245794674,127.08752960468811,0.0,0.0
946,중곡2동,37.55921379220906,127.08752463609724,3.0,20.0
947,중곡4동,37.56011512633288,127.087519667285,1.0,67.0
948,중곡4동,37.56101646031818,127.0875146982514,0.0,0.0
949,중곡4동,37.56191779416497,127.08750972899644,0.0,0.0
950,중곡4동,37.56281912787326,127.08750475952009,0.0,0.0
951,중곡4동,37.563720461443026,127.08749978982236,0.0,0.0
952,중곡4동,37.56462179487426,127.0874948199032,0.0,0.0
953,중곡4동,37.565523128167,127.08748984976263,0.0,0.0
954,중곡4동,37.56642446132123,127.08748487940066,0.0,0.0
955,중곡4동,37.56732579433694,127.08747990881726,0.0,0.0
956,중곡4동,37.568227127214115,127.0874749380124,0.0,0.0
957,중곡4동,37.56912845995278,127.08746996698603,0.0,0.0
958,중곡4동,37.57002979255291,127.08746499573827,0.0,0.0
959,자양2동,37.525868277600495,127.08884003658947,0.0,0.0
960,자양2동,37.526769616976054,127.08883508957598,0.0,0.0
961,자양2동,37.52767095621315,127.08883014234203,0.0,0.0
962,자양2동,37.52857229531181,127.0888251948878,0.0,0.0
963,자양2동,37.52947363427195,127.08882024721314,0.0,0.0
964,자양2동,37.53037497309365,127.08881529931806,0.0,0.0
965,자양2동,37.531276311776885,127.08881035120258,0.0,0.0
966,자양2동,37.53217765032164,127.08880540286668,0.0,0.0
967,자양2동,37.53307898872794,127.08880045431034,0.0,0.0
968,자양2동,37.53398032699576,127.08879550553355,0.0,0.0
969,자양2동,37.53488166512509,127.08879055653632,0.0,0.0
970,자양2동,37.53578300311596,127.08878560731864,0.0,0.0
971,자양2동,37.53668434096835,127.08878065788043,0.0,0.0
972,자양2동,37.53758567868226,127.0887757082218,0.0,0.0
973,구의1동,37.5384870162577,127.08877075834266,0.0,0.0
974,구의1동,37.53938835369465,127.088765808243,0.0,0.0
975,구의1동,37.54028969099311,127.0887608579228,0.0,0.0
976,구의1동,37.54119102815311,127.08875590738212,0.0,0.0
977,구의1동,37.54209236517462,127.0887509566209,0.0,0.0
978,구의1동,37.54299370205764,127.08874600563912,0.0,0.0
979,구의1동,37.543895038802184,127.08874105443677,1.0,41.0
980,구의1동,37.54479637540824,127.08873610301386,0.0,0.0
981,구의2동,37.5456977118758,127.08873115137038,0.0,0.0
982,구의2동,37.54659904820488,127.08872619950633,0.0,0.0
983,구의2동,37.54750038439547,127.08872124742165,0.0,0.0
984,구의2동,37.54840172044756,127.08871629511636,0.0,0.0
985,구의2동,37.54930305636117,127.08871134259044,0.0,0.0
986,구의2동,37.55020439213628,127.08870638984392,0.0,0.0
987,구의2동,37.551105727772885,127.08870143687676,0.0,0.0
988,능동,37.55200706327101,127.08869648368892,0.0,0.0
989,능동,37.55290839863063,127.08869153028044,0.0,0.0
990,중곡4동,37.55380973385175,127.08868657665128,0.0,0.0
991,중곡4동,37.554711068934374,127.08868162280147,0.0,0.0
992,중곡4동,37.55561240387849,127.08867666873093,0.0,0.0
993,중곡4동,37.55651373868411,127.0886717144397,0.0,0.0
994,중곡4동,37.55741507335122,127.08866675992776,0.0,0.0
995,중곡4동,37.55831640787985,127.08866180519507,0.0,0.0
996,중곡4동,37.55921774226997,127.08865685024166,0.0,0.0
997,중곡4동,37.560119076521566,127.08865189506751,0.0,0.0
998,중곡4동,37.561020410634654,127.08864693967264,0.0,0.0
999,중곡4동,37.56192174460925,127.08864198405696,0.0,0.0
1000,중곡4동,37.56282307844533,127.08863702822052,1.0,47.0
1001,중곡4동,37.56372441214289,127.08863207216326,0.0,0.0
1002,중곡4동,37.56462574570195,127.08862711588526,0.0,0.0
1003,중곡4동,37.565527079122496,127.08862215938645,0.0,0.0
1004,중곡4동,37.56642841240451,127.08861720266678,0.0,0.0
1005,중곡4동,37.56732974554802,127.08861224572628,0.0,0.0
1006,중곡4동,37.56823107855302,127.08860728856496,0.0,0.0
1007,중곡4동,37.5691324114195,127.0886023311828,0.0,0.0
1008,중곡4동,37.57003374414745,127.0885973735798,1.0,35.0
1009,자양2동,37.52677355159428,127.08996681337426,0.0,0.0
1010,자양2동,37.5276748909587,127.0899618797566,0.0,0.0
1011,자양2동,37.52857623018467,127.08995694591918,0.0,0.0
1012,자양2동,37.52947756927217,127.08995201186195,0.0,0.0
1013,자양2동,37.5303789082212,127.08994707758497,0.0,0.0
1014,자양2동,37.53128024703177,127.08994214308817,0.0,0.0
1015,자양2동,37.53218158570386,127.08993720837152,0.0,0.0
1016,자양2동,37.53308292423751,127.08993227343504,0.0,0.0
1017,자양2동,37.533984262632686,127.08992733827876,0.0,0.0
1018,구의3동,37.534885600889375,127.08992240290262,0.0,0.0
1019,구의3동,37.535786939007586,127.08991746730662,0.0,0.0
1020,구의3동,37.53668827698734,127.08991253149075,0.0,0.0
1021,구의3동,37.537589614828605,127.08990759545502,0.0,0.0
1022,구의3동,37.53849095253141,127.08990265919935,0.0,0.0
1023,구의3동,37.539392290095726,127.08989772272383,0.0,0.0
1024,구의3동,37.54029362752157,127.0898927860284,0.0,0.0
1025,구의3동,37.541194964808945,127.08988784911304,0.0,0.0
1026,구의1동,37.54209630195782,127.08988291197774,0.0,0.0
1027,구의1동,37.54299763896822,127.08987797462252,0.0,0.0
1028,구의1동,37.54389897584015,127.08987303704734,0.0,0.0
1029,구의2동,37.544800312573585,127.0898680992522,0.0,0.0
1030,구의2동,37.545701649168535,127.0898631612371,0.0,0.0
1031,구의2동,37.546602985625,127.089858223002,0.0,0.0
1032,구의2동,37.54750432194298,127.0898532845469,1.0,59.0
1033,구의2동,37.54840565812248,127.08984834587184,0.0,0.0
1034,구의2동,37.54930699416349,127.08984340697673,0.0,0.0
1035,구의2동,37.550208330066,127.0898384678616,0.0,0.0
1036,구의2동,37.55110966583001,127.08983352852644,0.0,0.0
1037,구의2동,37.552011001455526,127.08982858897126,0.0,0.0
1038,중곡4동,37.55291233694256,127.089823649196,1.0,35.0
1039,중곡4동,37.5538136722911,127.0898187092007,0.0,0.0
1040,중곡4동,37.55471500750115,127.08981376898532,0.0,0.0
1041,중곡4동,37.55561634257269,127.08980882854982,0.0,0.0
1042,중곡4동,37.556517677505745,127.08980388789423,1.0,28.0
1043,중곡4동,37.55741901230028,127.08979894701858,8.0,45.0
1044,중곡4동,37.55832034695633,127.08979400592278,0.0,0.0
1045,중곡4동,37.559221681473865,127.08978906460688,0.0,0.0
1046,중곡4동,37.56012301585291,127.0897841230708,0.0,0.0
1047,중곡4동,37.56102435009345,127.0897791813146,0.0,0.0
1048,중곡4동,37.561925684195465,127.08977423933824,0.0,0.0
1049,중곡4동,37.562827018159,127.08976929714171,0.0,0.0
1050,중곡4동,37.56372835198402,127.08976435472502,0.0,0.0
1051,중곡4동,37.56462968567052,127.0897594120881,0.0,0.0
1052,중곡4동,37.56553101921851,127.08975446923102,0.0,0.0
1053,중곡4동,37.566432352628,127.08974952615372,0.0,0.0
1054,중곡4동,37.56733368589897,127.08974458285616,0.0,0.0
1055,중곡4동,37.568235019031434,127.08973963933845,1.0,32.0
1056,중곡4동,37.56913635202537,127.08973469560044,0.0,0.0
1057,자양2동,37.52677747536813,127.09109853739234,0.0,0.0
1058,자양2동,37.52767881485954,127.09109361739094,0.0,0.0
1059,자양2동,37.52858015421249,127.09108869717036,0.0,0.0
1060,자양2동,37.52948149342698,127.0910837767306,0.0,0.0
1061,자양2동,37.53038283250299,127.09107885607165,0.0,0.0
1062,자양2동,37.53128417144054,127.0910739351935,0.0,0.0
1063,자양2동,37.53218551023963,127.09106901409616,0.0,0.0
1064,자양2동,37.53308684890027,127.0910640927796,8.0,52.0
1065,구의3동,37.53398818742244,127.09105917124378,10.0,46.0
1066,구의3동,37.53488952580612,127.09105424948876,0.0,0.0
1067,구의3동,37.53579086405135,127.09104932751448,0.0,0.0
1068,구의3동,37.53669220215809,127.09104440532091,0.0,0.0
1069,구의3동,37.53759354012639,127.09103948290807,0.0,0.0
1070,구의3동,37.53849487795619,127.09103456027596,0.0,0.0
1071,구의3동,37.539396215647535,127.09102963742458,1.0,43.0
1072,구의3동,37.5402975532004,127.09102471435388,0.0,0.0
1073,구의3동,37.54119889061479,127.09101979106389,0.0,0.0
1074,구의3동,37.542100227890685,127.09101486755456,0.0,0.0
1075,구의3동,37.54300156502812,127.0910099438259,0.0,0.0
1076,구의3동,37.543902902027064,127.09100501987788,0.0,0.0
1077,구의2동,37.54480423888754,127.09100009571053,0.0,0.0
1078,구의2동,37.545705575609546,127.09099517132378,0.0,0.0
1079,구의2동,37.54660691219304,127.0909902467177,0.0,0.0
1080,구의2동,37.54750824863806,127.0909853218922,0.0,0.0
1081,구의2동,37.5484095849446,127.09098039684731,0.0,0.0
1082,구의2동,37.54931092111266,127.09097547158304,0.0,0.0
1083,구의2동,37.55021225714222,127.09097054609931,0.0,0.0
1084,구의2동,37.55111359303329,127.09096562039625,1.0,20.0
1085,구의2동,37.552014928785866,127.09096069447368,0.0,0.0
1086,중곡4동,37.55291626439996,127.09095576833164,0.0,0.0
1087,중곡4동,37.553817599875565,127.09095084197016,0.0,0.0
1088,중곡4동,37.55471893521268,127.09094591538924,0.0,0.0
1089,중곡4동,37.555620270411296,127.09094098858884,0.0,0.0
1090,중곡4동,37.55652160547142,127.09093606156893,3.0,19.0
1091,중곡4동,37.557422940393025,127.09093113432954,0.0,0.0
1092,중곡4동,37.55832427517616,127.09092620687063,0.0,0.0
1093,중곡4동,37.55922560982078,127.0909212791922,0.0,0.0
1094,중곡4동,37.56012694432691,127.09091635129424,0.0,0.0
1095,중곡4동,37.56102827869453,127.09091142317672,1.0,31.0
1096,중곡4동,37.56192961292365,127.0909064948397,0.0,0.0
1097,중곡4동,37.56283094701428,127.09090156628312,0.0,0.0
1098,중곡4동,37.563732280966384,127.09089663750692,0.0,0.0
1099,중곡4동,37.564633614779986,127.09089170851117,0.0,0.0
1100,중곡4동,37.56553494845509,127.0908867792958,0.0,0.0
1101,중곡4동,37.56643628199168,127.09088184986088,0.0,0.0
1102,중곡4동,37.56733761538977,127.09087692020633,0.0,0.0
1103,중곡4동,37.56823894864933,127.09087199033212,0.0,0.0
1104,중곡4동,37.569140281770395,127.09086706023832,0.0,0.0
1105,자양2동,37.52678138829764,127.09223026162957,0.0,0.0
1106,구의3동,37.52768272791567,127.0922253552444,0.0,0.0
1107,구의3동,37.52858406739525,127.0922204486407,0.0,0.0
1108,구의3동,37.52948540673635,127.09221554181842,0.0,0.0
1109,구의3동,37.53038674593901,127.09221063477754,0.0,0.0
1110,구의3동,37.53128808500322,127.09220572751808,11.0,40.0
1111,구의3동,37.53218942392893,127.09220082004002,0.0,0.0
1112,구의3동,37.533090762716206,127.09219591234336,5.0,62.0
1113,구의3동,37.533992101365016,127.09219100442806,0.0,0.0
1114,구의3동,37.53489343987536,127.09218609629414,0.0,0.0
1115,구의3동,37.53579477824724,127.09218118794158,0.0,0.0
1116,구의3동,37.53669611648064,127.09217627937036,0.0,0.0
1117,구의3동,37.53759745457558,127.09217137058046,0.0,0.0
1118,구의3동,37.53849879253207,127.09216646157188,0.0,0.0
1119,구의3동,37.53940013035007,127.09216155234463,0.0,0.0
1120,구의3동,37.5403014680296,127.0921566428987,0.0,0.0
1121,구의3동,37.54120280557064,127.09215173323403,0.0,0.0
1122,구의3동,37.54210414297323,127.09214682335067,0.0,0.0
1123,구의3동,37.54300548023734,127.0921419132486,0.0,0.0
1124,구의3동,37.54390681736297,127.09213700292774,0.0,0.0
1125,구의2동,37.54480815435012,127.09213209238818,0.0,0.0
1126,구의2동,37.5457094911988,127.09212718162988,0.0,0.0
1127,구의2동,37.546610827909,127.09212227065277,0.0,0.0
1128,구의2동,37.5475121644807,127.09211735945688,0.0,0.0
1129,구의2동,37.54841350091393,127.09211244804224,0.0,0.0
1130,구의2동,37.54931483720869,127.09210753640876,0.0,0.0
1131,구의2동,37.550216173364966,127.09210262455652,0.0,0.0
1132,구의2동,37.55111750938272,127.09209771248544,0.0,0.0
1133,구의2동,37.55201884526202,127.09209280019547,0.0,0.0
1134,구의2동,37.552920181002825,127.09208788768672,0.0,0.0
1135,구의2동,37.55382151660514,127.09208297495914,1.0,59.0
1136,중곡4동,37.55472285206896,127.09207806201266,0.0,0.0
1137,중곡4동,37.5556241873943,127.09207314884732,6.0,41.0
1138,중곡4동,37.55652552258115,127.0920682354631,4.0,56.0
1139,중곡4동,37.55742685762948,127.09206332186,4.0,45.0
1140,중곡4동,37.55832819253934,127.092058408038,0.0,0.0
1141,중곡4동,37.5592295273107,127.09205349399708,1.0,3.0
1142,중곡4동,37.56013086194356,127.09204857973722,0.0,0.0
1143,중곡4동,37.561032196437914,127.09204366525844,0.0,0.0
1144,중곡4동,37.56193353079377,127.09203875056072,0.0,0.0
1145,중곡4동,37.56283486501114,127.09203383564406,0.0,0.0
1146,중곡4동,37.56373619908999,127.09202892050844,0.0,0.0
1147,중곡4동,37.564637533030336,127.09202400515382,0.0,0.0
1148,중곡4동,37.56553886683219,127.09201908958022,0.0,0.0
1149,중곡4동,37.56644020049554,127.09201417378765,0.0,0.0
1150,중곡4동,37.56734153402038,127.09200925777606,0.0,0.0
1151,중곡4동,37.56824286740671,127.09200434154546,0.0,0.0
1152,중곡4동,37.56914420065454,127.0919994250958,0.0,0.0
1153,구의3동,37.52768663012707,127.09335709331646,0.0,0.0
1154,구의3동,37.528587969732925,127.0933522003296,0.0,0.0
1155,구의3동,37.52948930920032,127.09334730712484,0.0,0.0
1156,구의3동,37.530390648529256,127.09334241370205,0.0,0.0
1157,구의3동,37.531291987719726,127.09333752006128,0.0,0.0
1158,구의3동,37.53219332677176,127.09333262620252,0.0,0.0
1159,구의3동,37.53309466568532,127.09332773212576,0.0,0.0
1160,구의3동,37.53399600446042,127.09332283783095,0.0,0.0
1161,구의3동,37.53489734309707,127.09331794331818,0.0,0.0
1162,구의3동,37.53579868159524,127.09331304858732,0.0,0.0
1163,구의3동,37.53670001995496,127.09330815363846,0.0,0.0
1164,구의3동,37.53760135817621,127.09330325847152,0.0,0.0
1165,구의3동,37.538502696258995,127.09329836308648,0.0,0.0
1166,구의3동,37.539404034203315,127.0932934674834,0.0,0.0
1167,구의3동,37.54030537200915,127.0932885716622,0.0,0.0
1168,구의3동,37.54120670967653,127.09328367562291,0.0,0.0
1169,구의3동,37.54210804720544,127.09327877936556,0.0,0.0
1170,구의3동,37.54300938459587,127.09327388289005,0.0,0.0
1171,구의2동,37.54391072184783,127.0932689861964,0.0,0.0
1172,구의2동,37.5448120589613,127.09326408928462,0.0,0.0
1173,구의2동,37.545713395936325,127.0932591921547,0.0,0.0
1174,구의2동,37.54661473277285,127.0932542948066,0.0,0.0
1175,구의2동,37.54751606947091,127.09324939724034,0.0,0.0
1176,구의2동,37.548417406030474,127.09324449945592,0.0,0.0
1177,구의2동,37.54931874245158,127.09323960145328,0.0,0.0
1178,구의2동,37.55022007873419,127.09323470323248,0.0,0.0
1179,구의2동,37.55112141487833,127.09322980479344,0.0,0.0
1180,구의2동,37.55202275088397,127.09322490613614,0.0,0.0
1181,구의2동,37.552924086751126,127.09322000726068,1.0,33.0
1182,구의2동,37.5538254224798,127.09321510816694,1.0,27.0
1183,구의2동,37.55472675807,127.09321020885494,1.0,47.0
1184,중곡4동,37.555628093521705,127.0932053093247,5.0,49.0
1185,중곡4동,37.55652942883491,127.09320040957616,0.0,0.0
1186,중곡4동,37.557430764009624,127.09319550960936,0.0,0.0
1187,중곡4동,37.558332099045856,127.09319060942424,0.0,0.0
1188,중곡4동,37.5592334339436,127.09318570902086,0.0,0.0
1189,중곡4동,37.56013476870283,127.09318080839913,0.0,0.0
1190,중곡4동,37.56103610332358,127.09317590755909,0.0,0.0
1191,중곡4동,37.56193743780583,127.0931710065007,0.0,0.0
1192,중곡4동,37.562838772149576,127.09316610522396,0.0,0.0
1193,중곡4동,37.56374010635483,127.0931612037289,0.0,0.0
1194,중곡4동,37.56464144042157,127.09315630201544,0.0,0.0
1195,중곡4동,37.565542774349815,127.09315140008364,0.0,0.0
1196,중곡4동,37.56644410813958,127.09314649793342,0.0,0.0
1197,중곡4동,37.56734544179083,127.09314159556484,0.0,0.0
1198,중곡4동,37.56824677530357,127.0931366929778,0.0,0.0
1199,중곡4동,37.5691481086778,127.09313179017236,0.0,0.0
1200,중곡4동,37.570049441913525,127.0931268871485,0.0,0.0
1201,구의3동,37.52769052149373,127.09448883160644,0.0,0.0
1202,구의3동,37.52859186122553,127.09448395223647,0.0,0.0
1203,구의3동,37.529493200818834,127.0944790726492,0.0,0.0
1204,구의3동,37.53039454027372,127.09447419284452,0.0,0.0
1205,구의3동,37.53129587959013,127.09446931282244,0.0,0.0
1206,구의3동,37.53219721876808,127.09446443258302,0.0,0.0
1207,구의3동,37.5330985578076,127.09445955212618,0.0,0.0
1208,구의3동,37.53399989670865,127.09445467145191,0.0,0.0
1209,구의3동,37.53490123547124,127.09444979056023,0.0,0.0
1210,구의3동,37.53580257409537,127.09444490945114,0.0,0.0
1211,구의3동,37.53670391258104,127.0944400281246,0.0,0.0
1212,구의3동,37.53760525092824,127.0944351465806,0.0,0.0
1213,구의3동,37.53850658913698,127.09443026481917,0.0,0.0
1214,구의3동,37.539407927207264,127.09442538284024,0.0,0.0
1215,구의3동,37.540309265139065,127.09442050064382,0.0,0.0
1216,구의3동,37.541210602932416,127.09441561822992,0.0,0.0
1217,구의3동,37.54211194058729,127.09441073559852,0.0,0.0
1218,광장동,37.54301327810369,127.0944058527496,0.0,0.0
1219,광장동,37.54391461548163,127.0944009696832,0.0,0.0
1220,구의2동,37.544815952721095,127.0943960863992,0.0,0.0
1221,구의2동,37.54571728982211,127.0943912028977,0.0,0.0
1222,구의2동,37.54661862678462,127.09438631917864,0.0,0.0
1223,구의2동,37.54751996360866,127.094381435242,0.0,0.0
1224,구의2동,37.54842130029422,127.0943765510878,0.0,0.0
1225,구의2동,37.54932263684131,127.09437166671604,0.0,0.0
1226,구의2동,37.55022397324993,127.09436678212664,0.0,0.0
1227,구의2동,37.55112530952006,127.09436189731966,0.0,0.0
1228,구의2동,37.55202664565171,127.09435701229506,0.0,0.0
1229,구의2동,37.55292798164487,127.09435212705284,0.0,0.0
1230,구의2동,37.55382931749955,127.094347241593,0.0,0.0
1231,구의2동,37.55473065321577,127.0943423559155,0.0,0.0
1232,구의2동,37.55563198879349,127.09433747002036,0.0,0.0
1233,중곡4동,37.55653332423272,127.09433258390752,0.0,0.0
1234,중곡4동,37.55743465953345,127.09432769757704,0.0,0.0
1235,중곡4동,37.55833599469571,127.09432281102882,0.0,0.0
1236,중곡4동,37.559237329719465,127.09431792426294,5.0,23.0
1237,중곡4동,37.56013866460475,127.09431303727936,0.0,0.0
1238,중곡4동,37.561039999351514,127.09430815007804,0.0,0.0
1239,중곡4동,37.561941333959815,127.09430326265904,0.0,0.0
1240,중곡4동,37.5628426684296,127.09429837502226,0.0,0.0
1241,중곡4동,37.5637440027609,127.09429348716772,0.0,0.0
1242,중곡4동,37.56464533695369,127.09428859909544,0.0,0.0
1243,중곡4동,37.56554667100799,127.0942837108054,0.0,0.0
1244,중곡4동,37.5664480049238,127.09427882229758,0.0,0.0
1245,중곡4동,37.5673493387011,127.09427393357198,0.0,0.0
1246,중곡4동,37.5682506723399,127.09426904462858,0.0,0.0
1247,중곡4동,37.56915200584019,127.09426415546734,0.0,0.0
1248,중곡4동,37.57005333920198,127.09425926608832,0.0,0.0
1249,구의3동,37.52769440201568,127.09562057011378,0.0,0.0
1250,구의3동,37.528595741873026,127.09561570436075,0.0,0.0
1251,구의3동,37.52949708159193,127.09561083839094,0.0,0.0
1252,구의3동,37.530398421172386,127.09560597220435,0.0,0.0
1253,구의3동,37.53129976061438,127.09560110580104,0.0,0.0
1254,구의3동,37.532201099917934,127.09559623918092,0.0,0.0
1255,구의3동,37.53310243908304,127.095591372344,0.0,0.0
1256,구의3동,37.53400377810968,127.09558650529029,0.0,0.0
1257,구의3동,37.53490511699786,127.09558163801977,0.0,0.0
1258,구의3동,37.53580645574759,127.0955767705324,0.0,0.0
1259,구의3동,37.53670779435887,127.0955719028282,0.0,0.0
1260,구의3동,37.53760913283168,127.09556703490718,0.0,0.0
1261,구의3동,37.53851047116602,127.0955621667693,0.0,0.0
1262,구의3동,37.53941180936192,127.09555729841456,0.0,0.0
1263,구의3동,37.54031314741934,127.09555242984294,0.0,0.0
1264,구의3동,37.541214485338294,127.0955475610544,0.0,0.0
1265,광장동,37.542115823118806,127.09554269204902,0.0,0.0
1266,광장동,37.54301716076084,127.09553782282671,0.0,0.0
1267,광장동,37.54391849826439,127.09553295338748,0.0,0.0
1268,광장동,37.54481983562949,127.09552808373134,0.0,0.0
1269,구의2동,37.545721172856126,127.09552321385824,0.0,0.0
1270,구의2동,37.546622509944264,127.0955183437682,0.0,0.0
1271,구의2동,37.547523846893945,127.09551347346124,0.0,0.0
1272,구의2동,37.54842518370515,127.09550860293729,0.0,0.0
1273,구의2동,37.54932652037788,127.09550373219636,0.0,0.0
1274,구의2동,37.55022785691215,127.09549886123844,0.0,0.0
1275,구의2동,37.55112919330793,127.09549399006352,0.0,0.0
1276,구의2동,37.55203052956524,127.09548911867162,0.0,0.0
1277,구의2동,37.55293186568406,127.09548424706269,3.0,49.0
1278,구의2동,37.55383320166441,127.09547937523668,1.0,40.0
1279,구의2동,37.55473453750628,127.0954745031937,1.0,46.0
1280,구의2동,37.55563587320965,127.09546963093366,0.0,0.0
1281,구의2동,37.55653720877456,127.09546475845652,0.0,0.0
1282,중곡4동,37.55743854420096,127.09545988576237,0.0,0.0
1283,중곡4동,37.55833987948889,127.09545501285108,0.0,0.0
1284,중곡4동,37.559241214638334,127.09545013972276,0.0,0.0
1285,중곡4동,37.56014254964928,127.09544526637733,0.0,0.0
1286,중곡4동,37.561043884521744,127.09544039281477,1.0,35.0
1287,중곡4동,37.56194521925572,127.09543551903508,0.0,0.0
1288,중곡4동,37.56284655385121,127.09543064503828,0.0,0.0
1289,중곡4동,37.56374788830819,127.09542577082432,0.0,0.0
1290,중곡4동,37.56464922262668,127.09542089639324,0.0,0.0
1291,중곡4동,37.56555055680666,127.09541602174497,0.0,0.0
1292,중곡4동,37.56645189084817,127.09541114687954,0.0,0.0
1293,중곡4동,37.56735322475119,127.09540627179692,0.0,0.0
1294,중곡4동,37.56825455851569,127.09540139649717,0.0,0.0
1295,중곡4동,37.569155892141694,127.09539652098016,0.0,0.0
1296,중곡4동,37.57005722562919,127.09539164524595,0.0,0.0
1297,중곡4동,37.5709585589782,127.0953867692945,0.0,0.0
1298,구의3동,37.52769827169286,127.09675230883788,0.0,0.0
1299,구의3동,37.52859961167545,127.09674745670176,0.0,0.0
1300,구의3동,37.52950095151957,127.09674260434946,0.0,0.0
1301,구의3동,37.53040229122526,127.096737751781,0.0,0.0
1302,구의3동,37.531303630792486,127.0967328989964,0.0,0.0
1303,구의3동,37.53220497022127,127.0967280459956,0.0,0.0
1304,구의3동,37.53310630951162,127.09672319277864,0.0,0.0
1305,구의3동,37.534007648663504,127.09671833934544,0.0,0.0
1306,구의3동,37.53490898767693,127.09671348569609,0.0,0.0
1307,구의3동,37.53581032655192,127.09670863183048,0.0,0.0
1308,구의3동,37.536711665288415,127.09670377774869,0.0,0.0
1309,구의3동,37.5376130038865,127.09669892345062,0.0,0.0
1310,구의3동,37.53851434234611,127.0966940689363,0.0,0.0
1311,구의3동,37.53941568066726,127.09668921420575,0.0,0.0
1312,구의3동,37.54031701884994,127.09668435925892,0.0,0.0
1313,광장동,37.54121835689417,127.09667950409582,0.0,0.0
1314,광장동,37.54211969479995,127.0966746487164,0.0,0.0
1315,광장동,37.543021032567246,127.09666979312072,0.0,0.0
1316,광장동,37.543922370196086,127.09666493730872,0.0,0.0
1317,광장동,37.544823707686454,127.0966600812804,0.0,0.0
1318,광장동,37.54572504503835,127.09665522503576,0.0,0.0
1319,구의2동,37.54662638225181,127.09665036857476,0.0,0.0
1320,구의2동,37.547527719326766,127.09664551189742,0.0,0.0
1321,구의2동,37.548429056263274,127.09664065500372,0.0,0.0
1322,구의2동,37.5493303930613,127.09663579789368,0.0,0.0
1323,구의2동,37.550231729720856,127.09663094056724,0.0,0.0
1324,구의2동,37.55113306624193,127.0966260830244,0.0,0.0
1325,구의2동,37.55203440262455,127.09662122526515,0.0,0.0
1326,구의2동,37.55293573886867,127.0966163672895,0.0,0.0
1327,구의2동,37.55383707497432,127.09661150909744,0.0,0.0
1328,구의2동,37.55473841094152,127.09660665068895,0.0,0.0
1329,구의2동,37.5556397467702,127.09660179206402,0.0,0.0
1330,구의2동,37.55654108246041,127.0965969332226,0.0,0.0
1331,중곡4동,37.557442418012144,127.09659207416476,0.0,0.0
1332,중곡4동,37.558343753425405,127.09658721489046,0.0,0.0
1333,중곡4동,37.55924508870015,127.09658235539966,0.0,0.0
1334,중곡4동,37.56014642383643,127.09657749569236,0.0,0.0
1335,중곡4동,37.561047758834235,127.09657263576857,0.0,0.0
1336,중곡4동,37.56194909369355,127.09656777562826,3.0,47.0
1337,중곡4동,37.56285042841436,127.09656291527143,0.0,0.0
1338,중곡4동,37.563751762996695,127.09655805469806,0.0,0.0
1339,중곡4동,37.56465309744052,127.09655319390818,0.0,0.0
1340,중곡4동,37.56555443174587,127.0965483329017,0.0,0.0
1341,중곡4동,37.56645576591272,127.0965434716787,0.0,0.0
1342,중곡4동,37.56735709994108,127.0965386102391,0.0,0.0
1343,중곡4동,37.56825843383094,127.09653374858291,0.0,0.0
1344,중곡4동,37.56915976758231,127.09652888671016,0.0,0.0
1345,중곡4동,37.570061101195165,127.09652402462078,0.0,0.0
1346,중곡4동,37.57096243466954,127.09651916231478,0.0,0.0
1347,구의3동,37.52770213052531,127.0978840477781,0.0,0.0
1348,구의3동,37.52860347063277,127.09787920925888,0.0,0.0
1349,구의3동,37.52950481060177,127.09787437052412,0.0,0.0
1350,구의3동,37.53040615043234,127.0978695315738,0.0,0.0
1351,구의3동,37.53130749012445,127.09786469240792,0.0,0.0
1352,구의3동,37.532208829678126,127.09785985302648,0.0,0.0
1353,구의3동,37.533110169093355,127.09785501342944,0.0,0.0
1354,구의3동,37.534011508370135,127.09785017361683,0.0,0.0
1355,구의3동,37.53491284750845,127.09784533358862,0.0,0.0
1356,구의3동,37.53581418650832,127.0978404933448,0.0,0.0
1357,구의3동,37.53671552536975,127.09783565288537,0.0,0.0
1358,구의3동,37.537616864092705,127.09783081221028,0.0,0.0
1359,구의3동,37.53851820267723,127.09782597131958,0.0,0.0
1360,구의3동,37.53941954112329,127.0978211302132,0.0,0.0
1361,광장동,37.5403208794309,127.09781628889118,0.0,0.0
1362,광장동,37.54122221760004,127.0978114473535,0.0,0.0
1363,광장동,37.54212355563072,127.09780660560013,0.0,0.0
1364,광장동,37.54302489352295,127.09780176363104,0.0,0.0
1365,광장동,37.54392623127671,127.09779692144627,0.0,0.0
1366,광장동,37.54482756889201,127.0977920790458,0.0,0.0
1367,구의2동,37.54572890636885,127.0977872364296,0.0,0.0
1368,구의2동,37.54663024370721,127.09778239359764,0.0,0.0
1369,구의2동,37.54753158090712,127.09777755054996,0.0,0.0
1370,구의2동,37.54843291796856,127.09777270728654,0.0,0.0
1371,구의2동,37.54933425489154,127.09776786380736,0.0,0.0
1372,구의2동,37.550235591676035,127.0977630201124,0.0,0.0
1373,구의2동,37.551136928322066,127.09775817620164,0.0,0.0
1374,구의2동,37.552038264829626,127.09775333207511,0.0,0.0
1375,구의2동,37.5529396011987,127.09774848773276,1.0,54.0
1376,구의2동,37.55384093742931,127.0977436431746,0.0,0.0
1377,구의2동,37.554742273521455,127.09773879840064,0.0,0.0
1378,구의2동,37.555643609475126,127.09773395341084,0.0,0.0
1379,구의2동,37.55654494529029,127.09772910820516,0.0,0.0
1380,구의2동,37.55744628096699,127.09772426278369,0.0,0.0
1381,중곡4동,37.558347616505216,127.09771941714632,0.0,0.0
1382,중곡4동,37.559248951904955,127.09771457129308,0.0,0.0
1383,중곡4동,37.560150287166216,127.09770972522392,0.0,0.0
1384,중곡4동,37.56105162228899,127.0977048789389,0.0,0.0
1385,중곡4동,37.56195295727328,127.09770003243796,0.0,0.0
1386,중곡4동,37.56285429211909,127.09769518572112,0.0,0.0
1387,중곡4동,37.5637556268264,127.09769033878835,0.0,0.0
1388,중곡4동,37.56465696139522,127.09768549163968,0.0,0.0
1389,중곡4동,37.56555829582556,127.097680644275,0.0,0.0
1390,중곡4동,37.566459630117414,127.09767579669442,0.0,0.0
1391,중곡4동,37.56736096427078,127.09767094889784,0.0,0.0
1392,중곡4동,37.568262298285646,127.0976661008853,0.0,0.0
1393,중곡4동,37.569163632162024,127.09766125265678,0.0,0.0
1394,중곡4동,37.570064965899896,127.09765640421224,0.0,0.0
1395,중곡4동,37.57096629949928,127.09765155555168,0.0,0.0
1396,중곡4동,37.57186763296016,127.09764670667514,0.0,0.0
1397,구의3동,37.528607318744974,127.09901096203154,0.0,0.0
1398,구의3동,37.52950865883851,127.09900613691433,0.0,0.0
1399,구의3동,37.530409998793594,127.09900131158216,0.0,0.0
1400,구의3동,37.53131133861024,127.09899648603502,0.0,0.0
1401,구의3동,37.53221267828846,127.09899166027292,0.0,0.0
1402,구의3동,37.53311401782822,127.09898683429584,0.0,0.0
1403,구의3동,37.534015357229535,127.0989820081038,0.0,0.0
1404,구의3동,37.53491669649241,127.09897718169678,0.0,0.0
1405,구의3동,37.53581803561681,127.09897235507472,0.0,0.0
1406,구의3동,37.5367193746028,127.09896752823768,0.0,0.0
1407,구의3동,37.53762071345033,127.0989627011856,0.0,0.0
1408,구의3동,37.538522052159394,127.09895787391848,0.0,0.0
1409,광장동,37.53942339073001,127.09895304643632,0.0,0.0
1410,광장동,37.54032472916218,127.09894821873912,0.0,0.0
1411,광장동,37.54122606745589,127.09894339082685,0.0,0.0
1412,광장동,37.54212740561114,127.09893856269947,0.0,0.0
1413,광장동,37.54302874362793,127.09893373435706,0.0,0.0
1414,광장동,37.54393008150626,127.09892890579953,0.0,0.0
1415,광장동,37.54483141924614,127.09892407702692,0.0,0.0
1416,광장동,37.54573275684756,127.09891924803917,0.0,0.0
1417,광장동,37.546634094310505,127.09891441883627,0.0,0.0
1418,광장동,37.547535431635005,127.09890958941828,0.0,0.0
1419,광장동,37.54843676882101,127.09890475978511,0.0,0.0
1420,광장동,37.54933810586859,127.09889992993682,0.0,0.0
1421,광장동,37.55023944277769,127.09889509987336,0.0,0.0
1422,광장동,37.55114077954832,127.0988902695947,0.0,0.0
1423,광장동,37.552042116180466,127.09888543910088,0.0,0.0
1424,구의2동,37.55294345267415,127.09888060839184,0.0,0.0
1425,구의2동,37.55384478902937,127.09887577746764,0.0,0.0
1426,구의2동,37.55474612524612,127.09887094632816,0.0,0.0
1427,구의2동,37.555647461324384,127.09886611497348,0.0,0.0
1428,구의2동,37.55654879726419,127.0988612834036,0.0,0.0
1429,구의2동,37.5574501330655,127.09885645161842,0.0,0.0
1430,중곡4동,37.55835146872834,127.09885161961802,0.0,0.0
1431,중곡4동,37.5592528042527,127.09884678740234,0.0,0.0
1432,중곡4동,37.5601541396386,127.09884195497136,0.0,0.0
1433,중곡4동,37.561055474886,127.09883712232514,0.0,0.0
1434,중곡4동,37.561956809994925,127.0988322894636,0.0,0.0
1435,중곡4동,37.56285814496537,127.09882745638674,0.0,0.0
1436,중곡4동,37.56375947979732,127.0988226230946,0.0,0.0
1437,중곡4동,37.564660814490786,127.09881778958707,0.0,0.0
1438,중곡4동,37.56556214904577,127.09881295586425,0.0,0.0
1439,중곡4동,37.56646348346227,127.09880812192613,0.0,0.0
1440,중곡4동,37.56736481774027,127.09880328777255,0.0,0.0
1441,중곡4동,37.5682661518798,127.09879845340366,0.0,0.0
1442,중곡4동,37.569167485880826,127.09879361881936,0.0,0.0
1443,중곡4동,37.57006881974336,127.0987887840197,0.0,0.0
1444,중곡4동,37.570970153467414,127.09878394900464,0.0,0.0
1445,중곡4동,37.57187148705295,127.09877911377416,0.0,0.0
1446,구의3동,37.53041383630905,127.10013309180546,0.0,0.0
1447,구의3동,37.53131517624987,127.10012827987708,0.0,0.0
1448,구의3동,37.53221651605227,127.10012346773432,0.0,0.0
1449,구의3동,37.53311785571623,127.10011865537724,0.0,0.0
1450,구의3동,37.534019195241726,127.10011384280575,0.0,0.0
1451,구의3동,37.5349205346288,127.10010903001994,0.0,0.0
1452,구의3동,37.5358218738774,127.10010421701968,0.0,0.0
1453,구의3동,37.53672321298758,127.10009940380502,0.0,0.0
1454,광장동,37.5376245519593,127.10009459037592,0.0,0.0
1455,광장동,37.538525890792585,127.10008977673245,0.0,0.0
1456,광장동,37.53942722948741,127.10008496287448,0.0,0.0
1457,광장동,37.54032856804378,127.10008014880212,0.0,0.0
1458,광장동,37.541229906461695,127.10007533451528,0.0,0.0
1459,광장동,37.54213124474117,127.10007052001396,0.0,0.0
1460,광장동,37.543032582882184,127.1000657052982,0.0,0.0
1461,광장동,37.54393392088474,127.1000608903679,0.0,0.0
1462,광장동,37.54483525874885,127.10005607522312,0.0,0.0
1463,광장동,37.54573659647449,127.10005125986385,0.0,0.0
1464,광장동,37.54663793406167,127.10004644429009,0.0,0.0
1465,광장동,37.5475392715104,127.10004162850174,0.0,0.0
1466,광장동,37.54844060882066,127.10003681249889,0.0,0.0
1467,광장동,37.54934194599246,127.10003199628146,0.0,0.0
1468,광장동,37.5502432830258,127.10002717984948,0.0,0.0
1469,광장동,37.55114461992066,127.10002236320295,0.0,0.0
1470,광장동,37.55204595667708,127.10001754634185,0.0,0.0
1471,광장동,37.552947293295006,127.10001272926613,0.0,0.0
1472,구의2동,37.55384862977448,127.10000791197584,0.0,0.0
1473,구의2동,37.55474996611549,127.10000309447092,0.0,0.0
1474,구의2동,37.555651302318026,127.09999827675138,0.0,0.0
1475,구의2동,37.55655263838208,127.09999345881724,0.0,0.0
1476,구의2동,37.55745397430766,127.09998864066844,0.0,0.0
1477,구의2동,37.558355310094775,127.099983822305,0.0,0.0
1478,중곡4동,37.55925664574341,127.0999790037269,0.0,0.0
1479,중곡4동,37.560157981253575,127.09997418493413,0.0,0.0
1480,중곡4동,37.56105931662525,127.09996936592668,0.0,0.0
1481,중곡4동,37.56196065185845,127.09996454670454,0.0,0.0
1482,중곡4동,37.56286198695318,127.09995972726767,0.0,0.0
1483,중곡4동,37.56376332190943,127.09995490761614,0.0,0.0
1484,중곡4동,37.56466465672718,127.09995008774986,0.0,0.0
1485,중곡4동,37.56556599140645,127.09994526766886,0.0,0.0
1486,중곡4동,37.56646732594725,127.09994044737311,0.0,0.0
1487,중곡4동,37.56736866034956,127.09993562686265,0.0,0.0
1488,중곡4동,37.568269994613374,127.0999308061374,0.0,0.0
1489,중곡4동,37.56917132873872,127.09992598519736,0.0,0.0
1490,중곡4동,37.57007266272556,127.09992116404256,0.0,0.0
1491,중곡4동,37.570973996573926,127.09991634267296,0.0,0.0
1492,중곡4동,37.57187533028379,127.0999115210886,0.0,0.0
1493,중곡4동,37.57277666385516,127.0999066992894,0.0,0.0
1494,구의3동,37.53222034296956,127.10125527541014,0.0,0.0
1495,구의3동,37.533121682757354,127.10125047667304,0.0,0.0
1496,구의3동,37.5340230224067,127.10124567772212,0.0,0.0
1497,구의3동,37.5349243619176,127.10124087855748,0.0,0.0
1498,구의3동,37.53582570129006,127.10123607917905,0.0,0.0
1499,광장동,37.53672704052409,127.10123127958676,0.0,0.0
1500,광장동,37.537628379619655,127.10122647978072,0.0,0.0
1501,광장동,37.53852971857679,127.1012216797608,0.0,0.0
1502,광장동,37.53943105739547,127.10121687952712,0.0,0.0
1503,광장동,37.540332396075705,127.10121207907956,0.0,0.0
1504,광장동,37.54123373461748,127.10120727841816,0.0,0.0
1505,광장동,37.54213507302081,127.10120247754293,0.0,0.0
1506,광장동,37.5430364112857,127.1011976764538,0.0,0.0
1507,광장동,37.54393774941213,127.10119287515076,0.0,0.0
1508,광장동,37.544839087400106,127.10118807363386,0.0,0.0
1509,광장동,37.54574042524963,127.10118327190304,0.0,0.0
1510,광장동,37.54664176296069,127.10117846995836,1.0,46.0
1511,광장동,37.5475431005333,127.10117366779971,0.0,0.0
1512,광장동,37.54844443796745,127.10116886542714,0.0,0.0
1513,광장동,37.54934577526314,127.10116406284064,0.0,0.0
1514,광장동,37.55024711242037,127.10115926004018,0.0,0.0
1515,광장동,37.55114844943914,127.10115445702576,0.0,0.0
1516,광장동,37.55204978631944,127.1011496537974,0.0,0.0
1517,광장동,37.55295112306126,127.101144850355,0.0,0.0
1518,광장동,37.55385245966463,127.10114004669865,0.0,0.0
1519,구의2동,37.55475379612956,127.10113524282828,0.0,0.0
1520,구의2동,37.555655132456,127.10113043874392,0.0,0.0
1521,구의2동,37.55655646864397,127.10112563444552,0.0,0.0
1522,구의2동,37.55745780469347,127.10112082993312,0.0,0.0
1523,구의2동,37.55835914060451,127.10111602520664,0.0,0.0
1524,구의2동,37.559260476377055,127.10111122026612,0.0,0.0
1525,중곡4동,37.56016181201114,127.10110641511154,0.0,0.0
1526,중곡4동,37.56106314750676,127.1011016097429,0.0,0.0
1527,중곡4동,37.561964482863885,127.10109680416016,0.0,0.0
1528,중곡4동,37.56286581808254,127.10109199836332,0.0,0.0
1529,중곡4동,37.56376715316272,127.1010871923524,0.0,0.0
1530,중곡4동,37.564668488104424,127.10108238612736,0.0,0.0
1531,중곡4동,37.565569822907634,127.10107757968822,0.0,0.0
1532,중곡4동,37.56647115757238,127.10107277303491,0.0,0.0
1533,중곡4동,37.567372492098634,127.10106796616748,0.0,0.0
1534,중곡4동,37.5682738264864,127.10106315908588,0.0,0.0
1535,중곡4동,37.56917516073568,127.10105835179012,0.0,0.0
1536,중곡4동,37.57007649484649,127.1010535442802,0.0,0.0
1537,중곡4동,37.570977828818805,127.10104873655612,0.0,0.0
1538,중곡4동,37.571879162652635,127.1010439286178,0.0,0.0
1539,중곡4동,37.57278049634796,127.1010391204653,0.0,0.0
1540,구의3동,37.53402683872446,127.10237751285229,0.0,0.0
1541,구의3동,37.53492817835883,127.1023727273088,0.0,0.0
1542,광장동,37.53582951785479,127.10236794155216,0.0,0.0
1543,광장동,37.5367308572123,127.10236315558234,0.0,0.0
1544,광장동,37.537632196431375,127.10235836939933,0.0,0.0
1545,광장동,37.53853353551201,127.10235358300304,0.0,0.0
1546,광장동,37.5394348744542,127.10234879639356,0.0,0.0
1547,광장동,37.54033621325794,127.10234400957086,0.0,0.0
1548,광장동,37.541237551923224,127.10233922253494,0.0,0.0
1549,광장동,37.54213889045008,127.10233443528573,0.0,0.0
1550,광장동,37.54304022883848,127.10232964782328,0.0,0.0
1551,광장동,37.54394156708843,127.10232486014752,0.0,0.0
1552,광장동,37.54484290519992,127.10232007225848,0.0,0.0
1553,광장동,37.54574424317298,127.10231528415618,0.0,0.0
1554,광장동,37.546645581007574,127.10231049584056,0.0,0.0
1555,광장동,37.54754691870371,127.10230570731164,0.0,0.0
1556,광장동,37.54844825626138,127.10230091856936,0.0,0.0
1557,광장동,37.54934959368062,127.1022961296138,0.0,0.0
1558,광장동,37.5502509309614,127.10229134044484,0.0,0.0
1559,광장동,37.5511522681037,127.10228655106256,0.0,0.0
1560,광장동,37.552053605107545,127.10228176146693,0.0,0.0
1561,광장동,37.552954941972935,127.1022769716579,0.0,0.0
1562,광장동,37.55385627869986,127.10227218163548,0.0,0.0
1563,광장동,37.55475761528832,127.10226739139968,0.0,0.0
1564,광장동,37.55565895173832,127.10226260095048,0.0,0.0
1565,구의2동,37.55656028804986,127.10225781028784,0.0,0.0
1566,구의2동,37.55746162422293,127.1022530194118,0.0,0.0
1567,구의2동,37.55836296025751,127.10224822832234,0.0,0.0
1568,구의2동,37.55926429615364,127.10224343701942,0.0,0.0
1569,중곡4동,37.56557364354929,127.10220989192167,0.0,0.0
1570,중곡4동,37.566474978337624,127.10220509891084,0.0,0.0
1571,중곡4동,37.56737631298748,127.10220030568648,0.0,0.0
1572,중곡4동,37.568277647498846,127.10219551224856,0.0,0.0
1573,중곡4동,37.56917898187174,127.10219071859709,0.0,0.0
1574,중곡4동,37.57008031610612,127.10218592473208,0.0,0.0
1575,중곡4동,37.57098165020206,127.10218113065343,0.0,0.0
1576,중곡4동,37.5718829841595,127.10217633636128,0.0,0.0
1577,광장동,37.53583332357159,127.10349980413852,0.0,0.0
1578,광장동,37.53673466305223,127.10349503179113,0.0,0.0
1579,광장동,37.537636002394464,127.10349025923112,0.0,0.0
1580,광장동,37.53853734159824,127.10348548645852,0.0,0.0
1581,광장동,37.53943868066359,127.10348071347327,0.0,0.0
1582,광장동,37.54034001959047,127.10347594027544,0.0,0.0
1583,광장동,37.54124135837893,127.10347116686496,0.0,0.0
1584,광장동,37.54214269702895,127.1034663932418,0.0,0.0
1585,광장동,37.54304403554051,127.103461619406,0.0,0.0
1586,광장동,37.54394537391364,127.10345684535756,0.0,0.0
1587,광장동,37.5448467121483,127.1034520710964,0.0,0.0
1588,광장동,37.54574805024452,127.1034472966226,0.0,0.0
1589,광장동,37.5466493882023,127.1034425219361,0.0,0.0
1590,광장동,37.54755072602161,127.10343774703686,0.0,0.0
1591,광장동,37.54845206370248,127.10343297192492,0.0,0.0
1592,광장동,37.54935340124489,127.10342819660026,0.0,0.0
1593,광장동,37.55025473864885,127.10342342106289,0.0,0.0
1594,광장동,37.55115607591435,127.10341864531271,0.0,0.0
1595,광장동,37.5520574130414,127.1034138693498,0.0,0.0
1596,광장동,37.55295875002998,127.10340909317416,0.0,0.0
1597,광장동,37.55386008688011,127.1034043167857,0.0,0.0
1598,광장동,37.554761423591785,127.10339954018448,0.0,0.0
1599,광장동,37.555662760164985,127.10339476337045,0.0,0.0
1600,광장동,37.55656409659973,127.1033899863436,0.0,0.0
1601,구의2동,37.557465432895995,127.10338520910396,0.0,0.0
1602,구의2동,37.55836676905382,127.10338043165147,0.0,0.0
1603,구의2동,37.55926810507316,127.10337565398616,0.0,0.0
1604,중곡4동,37.5700841265045,127.10331830539748,0.0,0.0
1605,중곡4동,37.57098546072367,127.10331352496436,0.0,0.0
1606,중곡4동,37.571886794804385,127.1033087443183,0.0,0.0
1607,광장동,37.536738458043864,127.10462690821248,0.0,0.0
1608,광장동,37.53763979750888,127.10462214927551,0.0,0.0
1609,광장동,37.53854113683547,127.10461739012658,0.0,0.0
1610,광장동,37.53944247602361,127.1046126307656,0.0,0.0
1611,광장동,37.54034381507332,127.1046078711926,0.0,0.0
1612,광장동,37.54124515398458,127.1046031114076,0.0,0.0
1613,광장동,37.54214649275741,127.10459835141054,0.0,0.0
1614,광장동,37.54304783139179,127.10459359120144,0.0,0.0
1615,광장동,37.54394916988772,127.10458883078029,0.0,0.0
1616,광장동,37.5448505082452,127.10458407014704,0.0,0.0
1617,광장동,37.54575184646426,127.10457930930173,0.0,0.0
1618,광장동,37.546653184544866,127.10457454824432,0.0,0.0
1619,광장동,37.54755452248702,127.10456978697484,0.0,0.0
1620,광장동,37.54845586029071,127.1045650254932,0.0,0.0
1621,광장동,37.549357197955935,127.10456026379948,0.0,0.0
1622,광장동,37.55025853548276,127.1045555018936,0.0,0.0
1623,광장동,37.551159872871104,127.10455073977565,0.0,0.0
1624,광장동,37.552061210120975,127.10454597744548,0.0,0.0
1625,광장동,37.55296254723241,127.10454121490318,0.0,0.0
1626,광장동,37.55386388420539,127.10453645214872,0.0,0.0
1627,광장동,37.55476522103991,127.10453168918204,0.0,0.0
1628,광장동,37.555666557735975,127.1045269260032,0.0,0.0
1629,광장동,37.55656789429358,127.10452216261216,0.0,0.0
1630,광장동,37.55746923071272,127.10451739900893,0.0,0.0
1631,광장동,37.55837056699338,127.10451263519344,0.0,0.0
1632,광장동,37.559271903135595,127.10450787116577,0.0,0.0
1633,광장동,37.538544921223696,127.10574929400666,0.0,0.0
1634,광장동,37.5394462605343,127.10574454826994,0.0,0.0
1635,광장동,37.54034759970645,127.10573980232182,0.0,0.0
1636,광장동,37.541248938740175,127.1057350561623,0.0,0.0
1637,광장동,37.54215027763546,127.10573030979134,0.0,0.0
1638,광장동,37.5430516163923,127.1057255632089,0.0,0.0
1639,광장동,37.543952955010695,127.10572081641506,0.0,0.0
1640,광장동,37.54485429349065,127.10571606940972,0.0,0.0
1641,광장동,37.545755631832186,127.10571132219292,0.0,0.0
1642,광장동,37.54665697003526,127.10570657476468,0.0,0.0
1643,광장동,37.547558308099894,127.10570182712488,0.0,0.0
1644,광장동,37.54845964602606,127.1056970792736,1.0,29.0
1645,광장동,37.549360983813784,127.10569233121082,0.0,0.0
1646,광장동,37.550262321463094,127.10568758293653,0.0,0.0
1647,광장동,37.55116365897392,127.10568283445068,0.0,0.0
1648,광장동,37.552064996346296,127.10567808575333,0.0,0.0
1649,광장동,37.552966333580216,127.10567333684438,0.0,0.0
1650,광장동,37.55386767067569,127.10566858772388,0.0,0.0
1651,광장동,37.554769007632736,127.1056638383918,0.0,0.0
1652,광장동,37.55567034445129,127.10565908884816,0.0,0.0
1653,광장동,37.556571681131395,127.10565433909292,0.0,0.0
1654,광장동,37.557473017673054,127.1056495891261,0.0,0.0
1655,광장동,37.55837435407624,127.10564483894764,0.0,0.0
1656,광장동,37.55927569034096,127.10564008855758,0.0,0.0
1657,광장동,37.54035137348988,127.10687173366244,0.0,0.0
1658,광장동,37.541252712645715,127.10686700112842,0.0,0.0
1659,광장동,37.5421540516631,127.10686226838357,0.0,0.0
1660,광장동,37.54305539054206,127.10685753542784,0.0,0.0
1661,광장동,37.54395672928257,127.10685280226129,0.0,0.0
1662,광장동,37.54485806788465,127.10684806888388,0.0,0.0
1663,광장동,37.545759406348296,127.10684333529564,0.0,0.0
1664,광장동,37.54666074467349,127.1068386014965,0.0,0.0
1665,광장동,37.547562082860246,127.10683386748644,0.0,0.0
1666,광장동,37.548463420908554,127.10682913326552,0.0,0.0
1667,광장동,37.54936475881843,127.1068243988337,0.0,0.0
1668,광장동,37.55026609658984,127.10681966419097,0.0,0.0
1669,광장동,37.55116743422282,127.10681492933728,0.0,0.0
1670,광장동,37.55206877171733,127.10681019427268,0.0,0.0
1671,광장동,37.55297010907341,127.10680545899714,0.0,0.0
1672,광장동,37.55387144629103,127.10680072351064,0.0,0.0
1673,광장동,37.55477278337022,127.10679598781316,0.0,0.0
1674,광장동,37.55567412031093,127.10679125190472,0.0,0.0
1675,광장동,37.55657545711318,127.1067865157853,0.0,0.0
1676,광장동,37.55747679377699,127.10678177945488,0.0,0.0
1677,광장동,37.55837813030235,127.10677704291348,0.0,0.0
1678,광장동,37.55927946668924,127.10677230616102,0.0,0.0
1679,광장동,37.54215781484032,127.1079942271866,0.0,0.0
1680,광장동,37.543059153841035,127.10798950785764,0.0,0.0
1681,광장동,37.54396049270331,127.1079847883184,0.0,0.0
1682,광장동,37.54486183142715,127.10798006856892,0.0,0.0
1683,광장동,37.54576317001257,127.1079753486092,0.0,0.0
1684,광장동,37.54666450845954,127.1079706284392,0.0,0.0
1685,광장동,37.54756584676807,127.10796590805892,0.0,0.0
1686,광장동,37.54846718493816,127.10796118746832,0.0,0.0
1687,광장동,37.549368522969814,127.10795646666747,0.0,0.0
1688,광장동,37.550269860863025,127.10795174565632,0.0,0.0
1689,광장동,37.55117119861778,127.10794702443484,0.0,0.0
1690,광장동,37.55207253623409,127.107942303003,0.0,0.0
1691,광장동,37.55297387371195,127.10793758136086,0.0,0.0
1692,광장동,37.55387521105137,127.10793285950837,0.0,0.0
1693,광장동,37.55477654825235,127.10792813744553,0.0,0.0
1694,광장동,37.55567788531487,127.10792341517228,0.0,0.0
1695,광장동,37.55657922223893,127.10791869268868,0.0,0.0
1696,광장동,37.557480559024555,127.10791396999468,0.0,0.0
1697,광장동,37.558381895671715,127.1079092470903,0.0,0.0
1698,광장동,37.55928323218043,127.1079045239755,0.0,0.0
1699,광장동,37.54306290628922,127.10912148049763,0.0,0.0
1700,광장동,37.54396424527293,127.10911677458574,0.0,0.0
1701,광장동,37.54486558411819,127.1091120684642,0.0,0.0
1702,광장동,37.54576692282503,127.10910736213305,0.0,0.0
1703,광장동,37.546668261393414,127.10910265559218,0.0,0.0
1704,광장동,37.54756959982337,127.10909794884168,0.0,0.0
1705,광장동,37.548470938114875,127.10909324188148,0.0,0.0
1706,광장동,37.54937227626797,127.1090885347116,0.0,0.0
1707,광장동,37.55027361428261,127.109083827332,0.0,0.0
1708,광장동,37.5511749521588,127.1090791197427,0.0,0.0
1709,광장동,37.552076289896554,127.10907441194368,0.0,0.0
1710,광장동,37.55297762749586,127.10906970393494,0.0,0.0
1711,광장동,37.55387896495672,127.10906499571644,0.0,0.0
1712,광장동,37.55478030227917,127.10906028728822,0.0,0.0
1713,광장동,37.55568163946312,127.1090555786502,0.0,0.0
1714,광장동,37.55658297650866,127.10905086980245,0.0,0.0
1715,광장동,37.55748431341572,127.10904616074488,0.0,0.0
1716,광장동,37.558385650184334,127.10904145147757,0.0,0.0
1717,광장동,37.55928698681451,127.1090367420004,0.0,0.0
1718,광장동,37.544869325957734,127.11024406856914,0.0,0.0
1719,광장동,37.54577066478562,127.11023937586651,0.0,0.0
1720,광장동,37.546672003475095,127.11023468295484,0.0,0.0
1721,광장동,37.547573342026126,127.11022998983408,0.0,0.0
1722,광장동,37.54847468043872,127.1102252965043,0.0,0.0
1723,광장동,37.54937601871288,127.11022060296536,0.0,0.0
1724,광장동,37.550277356848625,127.11021590921736,0.0,0.0
1725,광장동,37.55117869484589,127.11021121526028,0.0,0.0
1726,광장동,37.55208003270472,127.11020652109409,0.0,0.0
1727,광장동,37.55298137042513,127.11020182671874,0.0,0.0
1728,광장동,37.55388270800707,127.11019713213426,0.0,0.0
1729,광장동,37.5547840454506,127.11019243734064,0.0,0.0
1730,광장동,37.55568538275568,127.11018774233789,0.0,0.0
1731,광장동,37.556586719922294,127.11018304712596,0.0,0.0
1732,광장동,37.55748805695047,127.11017835170487,0.0,0.0
1733,광장동,37.55838939384021,127.1101736560746,0.0,0.0
1734,광장동,37.546675734704586,127.11136671052655,0.0,0.0
1735,광장동,37.547577073376345,127.1113620310356,0.0,0.0
1736,광장동,37.54847841190966,127.11135735133615,0.0,0.0
1737,광장동,37.549379750304546,127.11135267142826,0.0,0.0
1738,광장동,37.550281088561,127.11134799131186,0.0,0.0
1739,광장동,37.55118242667901,127.11134331098698,0.0,0.0
1740,광장동,37.5520837646586,127.11133863045356,0.0,0.0
1741,광장동,37.552985102499726,127.11133394971168,0.0,0.0
1742,광장동,37.55388644020243,127.1113292687612,0.0,0.0
1743,광장동,37.5547877777667,127.11132458760224,0.0,0.0
1744,광장동,37.555689115192514,127.11131990623474,0.0,0.0
1745,광장동,37.55659045247989,127.11131522465868,0.0,0.0
1746,광장동,37.55749178962882,127.11131054287404,0.0,0.0
1747,광장동,37.55839312663932,127.11130586088083,0.0,0.0
1748,광장동,37.55028480941979,127.11248007361483,0.0,0.0
1749,광장동,37.551186147658186,127.11247540692216,0.0,0.0
1750,광장동,37.55208748575814,127.1124707400216,0.0,0.0
1751,광장동,37.55298882371967,127.11246607291312,0.0,0.0
1752,광장동,37.55389016154277,127.11246140559672,0.0,0.0
1753,광장동,37.55479149922743,127.1124567380724,0.0,0.0
1754,광장동,37.555692836773645,127.11245207034015,0.0,0.0
1755,광장동,37.55659417418143,127.11244740239997,0.0,0.0
1756,광장동,37.55749551145076,127.11244273425176,0.0,0.0
1757,광장동,37.55839684858165,127.11243806589565,0.0,0.0
1758,광장동,37.55299253408496,127.11359819632251,0.0,0.0
1759,광장동,37.55389387202809,127.11359354264016,0.0,0.0
1760,광장동,37.5547952098328,127.11358888875048,0.0,0.0
1761,광장동,37.55569654749905,127.11358423465347,0.0,0.0
1762,광장동,37.55659788502689,127.11357958034918,0.0,0.0
1763,광장동,37.55749922241627,127.11357492583748,0.0,0.0
1764,광장동,37.55840055966723,127.11357027111843,0.0,0.0
