,Unnamed: 0,행정동,경도,위도,subway_최소거리(m),500m지하철역개수,bus_최소거리(m),500m버스정류장개수,badplace_최소거리(m),500m술집개수,parking_최소거리(m),500내주차장개수,300m보호구역여부,200m위험구역여부,cluster
1218,1218,광장동,127.09440585275,37.5430132781037,532.519993860787,0,78.426080491179,5,160.337222533534,22,425.357698430342,0,1,0,0
1219,1219,광장동,127.094400969683,37.5439146154816,592.974702987511,0,111.68225842237,6,206.631332060522,21,464.582903470331,0,0,0,0
1265,1265,광장동,127.095542692049,37.5421158231188,481.049674674716,0,69.8991928780549,8,31.3537861008871,17,504.059096809384,0,1,1,3
1266,1266,광장동,127.095537822827,37.5430171607608,540.39028254379,0,87.7916931387608,6,84.3357991263054,18,530.618412814759,0,1,0,0
1267,1267,광장동,127.095532953387,37.5439184982644,599.966452478613,0,129.174168724661,5,129.072972075916,17,562.459673166382,0,1,0,0
1268,1268,광장동,127.095528083731,37.5448198356295,659.714365188471,0,171.318220948989,5,179.497828522309,17,570.863103166818,0,1,0,0
1313,1313,광장동,127.096679504096,37.5412183568942,467.469865994496,0,109.973926137675,9,94.1976163669773,14,605.400164584219,0,1,1,3
1314,1314,광장동,127.096674648716,37.5421196948,521.260646047967,0,51.7324047865276,7,48.48801498298769,13,621.741276291675,0,1,1,3
1315,1315,광장동,127.096669793121,37.5430210325672,576.387591085343,0,24.1653963961256,6,56.1666849146903,12,597.14571029743,0,1,0,0
1316,1316,광장동,127.096664937309,37.54392237019609,632.501424477704,0,76.2720964902406,6,106.226229622522,11,577.255908114785,0,1,0,0
1317,1317,광장동,127.09666008128,37.5448237076865,689.361186740784,0,135.560447418964,4,163.520726309899,7,563.198376187557,0,1,0,0
1318,1318,광장동,127.096655225036,37.5457250450384,746.796512343827,0,151.033400414296,5,222.530310187662,6,514.94454891281,0,1,0,0
1361,1361,광장동,127.097816288891,37.5403208794309,494.908014995814,0,188.173972266823,6,90.00203572012,13,589.599206558488,0,1,1,3
1362,1362,광장동,127.097811447354,37.5412222176,539.15725939083,0,182.475771855919,8,97.0565611498395,14,549.710216413637,0,1,1,3
1363,1363,광장동,127.0978066056,37.5421235556307,586.321375887223,0,154.190614862957,7,134.409394463458,11,513.869890434765,0,1,1,3
1364,1364,광장동,127.097801763631,37.543024893523,635.751959458363,0,146.894573008372,7,172.166438779596,10,482.980377885238,0,1,0,0
1365,1365,광장동,127.097796921446,37.5439262312767,649.274806798792,0,97.5125624834169,7,194.078514470791,10,458.044386115952,0,1,0,0
1366,1366,광장동,127.097792079046,37.544827568892,643.989982273499,0,41.0971675301759,8,225.980274417098,8,440.07510862794095,0,1,0,0
1409,1409,광장동,127.098953046436,37.53942339073,557.337360913551,0,180.372131195438,7,89.2891972023057,13,556.121568526798,0,1,0,0
1410,1410,광장동,127.098948218739,37.5403247291622,590.723172352143,0,159.203236583616,6,43.1427068013284,13,506.351279625992,0,1,1,3
1411,1411,광장동,127.098943390827,37.5412260674559,583.275543567519,0,159.637182665116,7,55.4663413514542,13,459.17215959485,0,1,1,3
1412,1412,광장동,127.098938562699,37.5421274056111,557.931268217554,0,181.519086093725,6,99.0431885689965,11,415.46787425547507,0,1,1,3
1413,1413,광장동,127.098933734357,37.5430287436279,538.230061134549,1,187.382604413802,8,70.6756021564166,11,376.45060738693104,0,1,0,0
1414,1414,광장동,127.0989289058,37.5439300815063,524.807821919358,1,140.931510945674,9,86.6439574560468,9,343.720209175439,0,1,0,0
1415,1415,광장동,127.098924077027,37.5448314192461,518.152726536,1,109.258936831424,8,131.70402926034,9,319.216409301885,1,1,0,2
1416,1416,광장동,127.098919248039,37.5457327568476,518.525396848838,1,106.488065938939,6,185.772341517044,7,304.928934959534,1,1,0,2
1417,1417,광장동,127.098914418836,37.5466340943105,525.910887583594,1,134.41824191353,5,242.906163491156,6,302.30976608509,1,1,0,2
1418,1418,광장동,127.098909589418,37.547535431635,540.021541948397,1,179.22939559548,3,301.367001748439,6,311.653217696526,1,1,0,2
1419,1419,광장동,127.098904759785,37.548436768821,560.349528156431,0,231.310267595607,2,360.509852245081,2,331.950673930023,0,1,0,0
1420,1420,광장동,127.098899929937,37.5493381058686,586.248445401012,0,286.726435757267,2,420.04672357186,2,318.309738530694,0,1,0,0
1421,1421,광장동,127.098895099873,37.5502394427777,617.017178133579,0,343.869157812377,1,392.676349630845,0,269.287121106891,0,1,0,1
1422,1422,광장동,127.098890269595,37.5511407795483,651.966611943988,0,402.00283623803506,0,350.443034600628,1,225.912066824247,1,1,0,1
1423,1423,광장동,127.098885439101,37.552042116180495,690.462184999236,0,460.752527023378,1,314.248340610987,2,192.050016726517,1,1,0,2
1454,1454,광장동,127.100094590376,37.5376245519593,626.118208539351,0,213.751695255774,4,260.774152947654,4,614.695724577817,0,1,0,0
1455,1455,광장동,127.100089776732,37.5385258907926,597.666721706889,0,154.087185148289,4,217.10511957705,4,556.965572700456,0,1,0,0
1456,1456,광장동,127.100084962874,37.5394272294874,553.347621797393,0,95.514000673341,5,183.28336559248,8,499.897683959017,0,1,0,0
1457,1457,광장동,127.100080148802,37.5403285680438,512.356546204825,0,42.7781787348902,5,165.461870464822,10,443.747635295859,0,1,0,0
1458,1458,광장동,127.100075334515,37.541229906461695,475.55485926918305,0,43.1740621235761,7,142.84642329197,11,388.913167232474,0,1,0,0
1459,1459,광장동,127.100070520014,37.5421312447412,443.985547077265,1,96.0468623982119,7,90.3301761804155,7,336.038914612395,0,1,0,0
1460,1460,광장동,127.100065705298,37.5430325828822,418.833439699666,1,154.638181710357,8,56.9281805839154,9,286.213311273364,0,1,0,0
1461,1461,광장동,127.100060890368,37.5439339208847,401.30695363435,1,207.758444980509,8,75.1593370883487,10,241.332070307116,0,1,0,0
1462,1462,광장동,127.100056075223,37.5448352587489,392.429130848086,1,232.261298543036,7,124.031687923658,10,204.674063366579,1,1,0,2
1463,1463,광장동,127.100051259864,37.5457365964745,392.786837330338,1,230.746425977484,7,180.126658146731,9,181.298003239304,1,1,0,2
1464,1464,광장동,127.10004644429,37.5466379340617,402.35543468062497,1,244.681552640247,5,234.910662579897,8,176.560595000204,1,1,0,2
1465,1465,광장동,127.100041628502,37.5475392715104,420.50660603109105,1,271.325109360916,5,281.57112902538,8,191.847594880861,1,1,0,2
1466,1466,광장동,127.100036812499,37.5484406088207,446.194154519075,1,288.12363324978,4,332.729214449703,6,223.079645188674,1,1,0,2
1467,1467,광장동,127.100031996281,37.5493419459925,478.205127024718,0,315.817117823953,3,385.779818177824,3,264.670971725658,0,1,0,0
1468,1468,광장동,127.100027179849,37.5502432830258,515.362551927161,0,351.842266998874,1,422.237577690142,0,312.512526866485,0,1,0,1
1469,1469,광장동,127.100022363203,37.5511446199207,556.636746029075,0,393.91980034173696,0,453.812487601502,1,332.219357368397,0,1,0,1
1470,1470,광장동,127.100017546342,37.5520459566771,601.180388134149,0,440.317988428755,0,426.361020355174,1,310.020751052578,1,1,0,1
1471,1471,광장동,127.100012729266,37.552947293295,648.319928991337,0,489.81051499688,0,406.13783127319505,1,298.634304456248,1,1,0,1
1499,1499,광장동,127.101231279587,37.5367270405241,632.013455715928,0,289.171065192564,3,392.280651702874,3,652.317070806199,0,0,0,1
1500,1500,광장동,127.101226479781,37.5376283796197,577.639603327591,0,232.898242310726,3,354.379915524308,4,591.983206081706,0,1,0,0
1501,1501,광장동,127.101221679761,37.5385297185768,524.615830456102,0,179.416994015785,4,323.439351783767,4,531.693606689069,0,1,0,0
1502,1502,광장동,127.101216879527,37.5394310573955,473.396004593059,0,132.16088159781,3,301.608642517644,6,471.465248418496,0,1,0,0
1503,1503,광장동,127.10121207908,37.5403323960757,424.633404718305,0,100.347935621325,4,258.454961957861,7,411.325026914171,0,1,0,0
1504,1504,광장동,127.101207278418,37.5412337346175,379.276966798702,1,74.1945626003388,4,198.754324986771,7,351.318199869753,0,1,0,0
1505,1505,광장동,127.101202477543,37.5421350730208,338.697857761715,1,42.4534160013964,6,139.767551580964,8,291.527141295702,0,1,0,0
1506,1506,광장동,127.101197676454,37.5430364112857,304.810082833963,1,73.6690056833765,7,83.0302471909646,10,232.118637100354,0,1,0,0
1507,1507,광장동,127.101192875151,37.5439377494121,280.053307504104,1,127.981705680017,7,39.754702704911,10,173.486122088675,1,1,0,2
1508,1508,광장동,127.101188073634,37.5448390874001,266.979846532829,1,186.168930182643,8,59.951697681772494,8,116.804053785067,1,1,0,2
1509,1509,광장동,127.101183271903,37.5457404252496,267.309429496941,1,159.622660268698,6,113.733571196215,8,67.2035209236314,1,1,0,2
1510,1510,광장동,127.101178469958,37.5466417629607,280.994888269793,1,141.838332692111,6,172.057514037702,8,52.123004066735696,1,1,0,2
1511,1511,광장동,127.1011736678,37.5475431005333,306.250912050837,1,148.608001035764,6,215.782373421883,6,90.8001334311135,1,1,0,2
1512,1512,광장동,127.101168865427,37.5484444379675,340.512565193557,1,177.138544612427,5,247.510687181977,6,145.257968878995,1,1,0,2
1513,1513,광장동,127.101164062841,37.5493457752631,381.360301113658,1,219.087391082697,4,288.597689992094,4,203.180810344001,0,1,0,0
1514,1514,광장동,127.10115926004,37.5502471124204,426.907755878381,0,268.231234326318,2,335.623727025564,3,262.282959801883,0,1,0,0
1515,1515,광장동,127.101154457026,37.5511484494391,475.807166411481,0,321.285213884906,1,386.426594521797,0,321.915516428323,0,1,0,1
1516,1516,광장동,127.101149653797,37.5520497863194,527.126508785466,0,376.600398262912,0,437.567141358119,1,381.830043473608,0,1,0,1
1517,1517,광장동,127.101144850355,37.5529511230613,580.224022483271,0,433.311669894947,0,490.407633234416,1,424.352040990288,0,1,0,1
1518,1518,광장동,127.101140046699,37.5538524596646,634.653554210422,0,490.935446679982,0,519.644220480881,1,424.697436057134,0,1,0,1
1542,1542,광장동,127.102367941552,37.5358295178548,650.100243513273,0,401.04642650626494,0,528.253459838332,2,715.874669512128,0,0,0,1
1543,1543,광장동,127.102363155582,37.5367308572123,591.120226176763,0,352.177283817889,2,493.277383536014,2,655.721085369561,0,0,0,1
1544,1544,광장동,127.102358369399,37.5376321964314,532.488367839321,0,307.484653736779,2,447.067947111084,3,595.643644027299,0,0,0,1
1545,1545,광장동,127.102353583003,37.538533535512,474.333786651683,0,257.239801804738,3,387.926885250848,3,535.667959969286,0,1,0,0
1546,1546,광장동,127.102348796394,37.5394348744542,416.856274860655,0,200.956655924876,3,329.290693803733,5,475.832506324727,0,1,0,0
1547,1547,광장동,127.102344009571,37.5403362132579,360.37993056241,0,148.062187229925,3,271.486688039005,4,416.19776207459506,0,1,0,0
1548,1548,광장동,127.102339222535,37.5412375519232,305.460565073901,1,103.869201809245,4,215.186534992365,5,356.86435357335,0,1,0,0
1549,1549,광장동,127.102334435286,37.5421388904501,253.113681086849,1,83.5629775815575,4,161.966121379276,8,298.012310872471,0,1,0,0
1550,1550,광장동,127.102329647823,37.5430402288385,205.31640177407,1,102.490418934625,6,116.139377275317,8,239.996006573151,0,1,1,3
1551,1551,광장동,127.102324860148,37.5439415670884,166.045231611719,1,90.9852176314695,7,89.840027543969,9,183.609363430123,1,1,1,3
1552,1552,광장동,127.102320072258,37.5448429051999,142.5310918153,1,106.563941682996,7,76.7109467409562,8,130.974337977723,1,1,1,3
1553,1553,광장동,127.102315284156,37.545744243173,142.783397798779,1,76.9118691324613,8,76.0630069302058,9,89.0152461685945,1,1,1,3
1554,1554,광장동,127.102310495841,37.5466455810076,166.694249667482,1,21.2197417165227,7,75.6704106271864,9,77.5931900038888,1,1,0,2
1555,1555,광장동,127.102305707312,37.5475469187037,206.191001159599,1,48.091681337869,7,113.992172948879,7,106.982422543257,1,1,0,2
1556,1556,광장동,127.102300918569,37.5484482562614,254.106987744468,1,107.252165527071,5,165.34216794924,7,155.554862071508,2,1,0,2
1557,1557,광장동,127.102296129614,37.5493495936806,306.518945456151,1,167.394513941882,5,216.699615639331,5,210.420832025492,1,1,0,2
1558,1558,광장동,127.102291340445,37.5502509309614,361.47646028805696,0,227.742163305672,4,271.8588228773,3,267.738804264708,0,1,0,0
1559,1559,광장동,127.102286551063,37.5511522681037,417.976623439492,0,288.166150383326,3,328.912625544213,1,326.218840138465,0,1,0,0
1560,1560,광장동,127.102281761467,37.5520536051075,475.469807026625,0,348.626776663719,0,387.024036318207,0,385.332212352048,0,0,0,1
1561,1561,광장동,127.102276971658,37.5529549419729,533.63514180438,0,409.107791122627,0,445.779634105378,0,444.826492267012,0,1,0,1
1562,1562,광장동,127.102272181635,37.5538562786999,592.27462678573,0,469.601310205157,0,504.954593994616,0,497.531951499253,0,1,0,1
1563,1563,광장동,127.1022673914,37.5547576152883,651.260192671598,0,530.103047569756,0,562.958032130554,0,542.353103748973,0,0,0,1
1564,1564,광장동,127.10226260095,37.5556589517383,710.50564664338,0,590.610472745266,0,617.41030721533,0,570.33932360497,0,0,0,1
1577,1577,광장동,127.103499804139,37.5358333235716,635.980253825326,0,474.51560726780497,0,599.832579816946,0,740.80177333586,0,0,0,1
1578,1578,광장동,127.103495031791,37.5367346630522,575.463647019956,0,421.057771982999,0,543.743638041845,0,682.770835500577,0,0,0,1
1579,1579,광장동,127.103490259231,37.53763600239449,514.950545051981,0,369.786433351403,1,488.715595587604,0,625.214006479498,0,0,0,1
1580,1580,광장동,127.103485486459,37.5385373415982,454.442341735698,0,321.748555013441,2,433.79612560311,1,568.27535748618,0,0,0,1
1581,1581,광장동,127.103480713473,37.5394386806636,393.941287069251,0,278.621644367319,3,373.725583988111,1,512.161099819969,0,1,0,0
1582,1582,광장동,127.103475940275,37.5403400195905,333.451263629367,0,241.217493730308,3,313.832054070474,4,457.174888757526,0,1,0,0
1583,1583,광장동,127.103471166865,37.5412413583789,272.979594316686,1,181.545856329579,4,254.240655616495,5,403.777830525334,0,1,0,0
1584,1584,광장동,127.103466393242,37.542142697029,212.541932403298,1,122.718939226678,4,195.228237776959,8,352.692442487888,0,1,0,0
1585,1585,광장동,127.103461619406,37.5430440355405,152.178782500339,1,66.9999540536658,5,137.542044525434,8,305.082187096945,0,1,1,3
1586,1586,광장동,127.103456845358,37.5439453739136,92.0368384469554,1,35.2995697223579,7,83.961615073423,9,262.842303269165,0,1,1,3
1587,1587,광장동,127.103452071096,37.5448467121483,33.3355766705718,1,48.9910538775219,8,50.0926689574337,10,228.964538250004,1,1,1,3
1588,1588,광장동,127.103447296623,37.5457480502445,32.8606031912031,1,33.631722366071,8,57.0091104548953,11,207.584164446186,1,1,1,3
1589,1589,광장동,127.103442521936,37.5466493882023,91.5229458616752,1,84.7942844485415,6,27.9982585091998,9,202.695207936879,2,1,0,2
1590,1590,광장동,127.103437747037,37.5475507260216,151.661287347949,1,119.594094219792,7,75.1383583350382,10,215.423397121113,2,1,0,2
1591,1591,광장동,127.103432971925,37.5484520637025,212.023354612832,1,152.938333902993,6,133.55015609508,9,223.039760022,2,1,0,2
1592,1592,광장동,127.1034281966,37.5493534012449,272.460482197727,1,199.512866439541,6,189.557408655811,8,228.653537411751,1,1,0,2
1593,1593,광장동,127.103423421063,37.5502547386489,332.931786903074,0,252.088261015777,4,236.926686311003,4,249.292057193067,1,1,0,2
1594,1594,광장동,127.103418645313,37.5511560759144,393.421502069018,0,307.602748122212,4,289.248561873026,1,281.671790664463,0,0,0,0
1595,1595,광장동,127.10341386935,37.5520574130414,453.922261312886,0,358.973951205928,1,344.272323937809,0,322.272924824486,0,0,0,1
1596,1596,광장동,127.103409093174,37.55295875003,514.430162489699,0,411.213382373884,1,400.88696213646,0,368.387086240143,0,0,0,1
1597,1597,광장동,127.103404316786,37.5538600868801,574.942945742471,0,465.466333571179,0,458.503538667275,0,418.194468686041,0,0,0,1
1598,1598,광장동,127.103399540184,37.5547614235918,635.459211853822,0,521.104286540147,0,516.787038324909,0,470.523684142922,0,0,0,1
1599,1599,광장동,127.10339476337,37.555662760165,695.978048191475,0,577.727227510151,0,575.534877063812,0,524.620635016425,0,0,0,1
1600,1600,광장동,127.103389986344,37.5565640965997,756.498834129239,0,635.071742271477,0,634.618109144974,0,579.990886093584,0,0,0,1
1607,1607,광장동,127.104626908212,37.53673845804391,587.066339378485,0,496.588020653822,0,580.081274006198,0,730.845533451148,0,0,0,1
1608,1608,광장동,127.104622149276,37.5376397975089,527.78606850597,0,450.870060710507,0,522.710086004549,0,677.309192930538,0,0,0,1
1609,1609,광장동,127.104617390127,37.5385411368355,468.82586196708496,0,394.92904990788304,2,466.139026122689,0,625.050609159358,0,0,0,1
1610,1610,광장동,127.104612630766,37.5394424760236,410.3237079877,0,340.561771261754,2,410.698857714169,0,574.418620514987,0,0,0,1
1611,1611,광장동,127.104607871193,37.5403438150733,352.507727370815,0,288.658799763927,3,356.916948959928,0,525.883256878297,0,0,0,1
1612,1612,광장동,127.104603111408,37.5412451539846,295.780561724445,1,240.818804615483,4,305.669848272824,4,480.080829768167,0,1,0,0
1613,1613,광장동,127.104598351411,37.5421464927574,240.912573630168,1,199.97923955474,4,258.469706299303,7,437.869792989114,0,1,0,0
1614,1614,광장동,127.104593591201,37.5430478313918,189.52539264792,1,171.224693765789,6,199.081370955449,8,385.72676537792495,0,1,1,3
1615,1615,광장동,127.10458883078,37.5439491698877,145.358707871993,1,161.159205284139,7,138.970405745438,10,327.484296625502,0,1,1,3
1616,1616,광장동,127.104584070147,37.5448505082452,116.904665874319,1,158.756671631979,7,79.5023967107317,11,270.250613369969,0,1,1,3
1617,1617,광장동,127.104579309302,37.5457518464643,116.329315264157,1,140.085687393224,7,25.6312070352584,11,214.833471049015,1,1,1,3
1618,1618,광장동,127.104574548244,37.546653184544894,143.967268145179,1,91.9575817238577,8,46.159111786805504,11,163.095179544783,2,1,0,2
1619,1619,광장동,127.104569786975,37.547554522487,187.746875630995,1,67.9480077228896,8,15.6526816670795,11,119.896789917843,2,1,0,2
1620,1620,광장동,127.104565025493,37.5484558602907,238.954909776799,1,90.0344314573582,8,75.4173919281979,10,97.3602716394174,1,1,0,2
1621,1621,광장동,127.104560263799,37.549357197955906,293.731590696659,1,137.564502692745,8,135.863856743355,9,109.13926266598,1,1,0,2
1622,1622,광장동,127.104555501894,37.5502585354828,350.407304422359,0,192.536507443572,7,196.363475268273,8,147.21515887524,1,1,0,2
1623,1623,광장동,127.104550739776,37.551159872871104,408.19179076275697,0,250.090255747334,4,256.878683110814,1,196.880140734546,1,1,0,2
1624,1624,광장동,127.104545977445,37.552061210121,466.673353441863,0,308.785483222574,3,317.400554667908,0,251.355989344625,0,0,0,1
1625,1625,광장동,127.104541214903,37.5529625472324,525.619363777597,0,368.076509531026,1,377.925880964841,0,308.101327448528,0,0,0,1
1626,1626,광장동,127.104536452149,37.5538638842054,584.889410591596,0,427.354304100142,0,438.453224776052,0,366.062245916955,0,0,0,1
1627,1627,광장동,127.104531689182,37.5547652210399,644.394083014803,0,466.95096519129294,0,498.981846188004,0,424.741388839092,0,0,0,1
1628,1628,광장동,127.104526926003,37.555666557736,704.073891483697,0,510.669776088964,0,559.511325453932,0,483.877526630208,0,0,0,1
1629,1629,광장동,127.104522162612,37.5565678942936,763.887785105994,0,557.541876876369,0,620.04140672613,0,543.321453949588,0,0,0,1
1630,1630,광장동,127.104517399009,37.5574692307127,823.806554478214,0,606.837021738135,0,680.571925175472,0,602.982144267641,0,0,0,1
1631,1631,광장동,127.104512635193,37.5583705669934,883.808866128585,0,658.010861566365,0,741.102769821426,0,662.801061412811,0,0,0,1
1632,1632,광장동,127.104507871166,37.5592719031356,943.878784832915,0,710.65765858878,0,796.03170608111,0,722.738914627209,0,0,0,1
1633,1633,광장동,127.105749294007,37.538544921223696,514.61840098076,0,461.593337362887,0,512.794324381188,0,677.529629415349,0,0,0,1
1634,1634,광장동,127.10574454827,37.5394462605343,461.84044185007,0,415.907272636648,2,453.752163196532,0,617.057072096516,0,0,0,1
1635,1635,광장동,127.105739802322,37.5403475997065,411.205020727979,0,374.456554280212,3,395.161638901383,0,556.597949096201,0,0,0,1
1636,1636,광장동,127.105735056162,37.5412489387402,363.608331792892,1,338.799288993264,3,337.25820845283,2,496.15716579218093,0,1,0,0
1637,1637,광장동,127.105730309791,37.5421502776355,320.40745567128,1,310.935033821576,4,280.467742931598,3,435.742347268411,0,1,0,0
1638,1638,광장동,127.105725563209,37.5430516163923,283.618263627109,1,293.094893231165,4,225.632183250512,8,375.36602315227697,0,1,0,0
1639,1639,광장동,127.105720816415,37.5439529550107,256.019840407451,1,251.235554155096,7,174.603193958676,9,315.050316395257,0,1,1,3
1640,1640,광장동,127.10571606941,37.5448542934907,240.793375312971,1,192.849998834073,7,131.876187313749,11,254.838260596696,0,1,1,3
1641,1641,광장동,127.105711322193,37.5457556318322,240.302281493605,1,136.35128883405,8,107.819463588182,11,194.825966536258,0,1,0,0
1642,1642,광장동,127.105706574765,37.5466569700353,254.631819817986,1,85.5625719134311,8,114.836376971622,11,135.279527908339,1,1,0,2
1643,1643,광장동,127.105701827125,37.5475583080999,281.527930044875,1,58.1287843937283,9,121.405525207782,10,77.2833336186643,1,1,0,2
1644,1644,광장동,127.105697079274,37.5484596460261,317.816009634037,1,82.2537163028045,9,141.703109501518,10,31.2032126532745,1,1,0,2
1645,1645,광장동,127.105692331211,37.5493609838138,360.672260792463,1,132.216121607693,9,180.966442145025,9,57.4745633657341,1,1,0,2
1646,1646,광장동,127.105687582937,37.5502623214631,408.032303698411,0,180.996164575479,8,229.666152624653,8,113.849737845918,1,1,0,2
1647,1647,광장동,127.105682834451,37.5511636589739,458.502621292708,0,225.973905274096,6,282.97143135841,5,173.057640364238,1,1,0,2
1648,1648,광장동,127.105678085753,37.5520649963463,511.162745718647,0,253.743557631176,5,338.714799476519,0,232.948217349056,0,0,0,0
1649,1649,광장동,127.105673336844,37.5529663335802,565.401142357533,0,291.610176852615,2,395.86764101805,0,293.10327928626,0,0,0,1
1650,1650,광장동,127.105668587724,37.5538676706757,620.804273124908,0,336.178980254495,1,453.897837313525,0,353.387778883921,0,0,0,1
1651,1651,광장동,127.105663838392,37.55476900763271,677.086278217215,0,385.130136308326,0,512.50744600467,0,413.74513418665,0,0,0,1
1652,1652,광장동,127.105659088848,37.5556703444513,734.045021727647,0,436.993403740735,0,571.518232401336,0,474.147517139473,0,0,0,1
1653,1653,광장동,127.105654339093,37.5565716811314,791.534419427452,0,490.846554550797,0,630.817615700085,0,534.579659538816,0,0,0,1
1654,1654,광장동,127.105649589126,37.557473017673104,849.44673292942,0,546.101210203459,0,642.929973425146,0,595.032489449989,0,0,0,1
1655,1655,광장동,127.105644838948,37.5583743540762,907.701015226145,0,602.371815588144,0,657.43797724921,0,655.500278885959,0,0,0,1
1656,1656,광장동,127.105640088558,37.559275690341,966.235413499918,0,659.398325511094,0,677.067338275249,0,715.979233661932,0,0,0,1
1657,1657,광장동,127.106871733662,37.5403513734899,495.654492154373,0,436.047144745996,0,446.64894119396,0,577.913894656289,0,0,0,1
1658,1658,광장동,127.106867001128,37.541252712645694,456.828753915005,0,377.11020065118,2,396.210540065189,0,519.857167616736,0,0,0,1
1659,1659,광장동,127.106862268384,37.5421540516631,423.131537821065,1,318.773377892341,3,337.609960446167,2,462.436447345982,0,1,0,0
1660,1660,광장동,127.106857535428,37.5430553905421,395.874643759071,1,261.438703696849,4,279.033753281231,6,405.921720612584,0,1,0,0
1661,1661,광장동,127.106852802261,37.5439567292826,376.459573558364,1,205.944860934897,5,221.514160250293,11,350.751187192313,0,1,0,0
1662,1662,광장동,127.106848068884,37.5448580678847,366.13593575211695,1,154.291058115487,7,166.152167764851,11,297.67317360503,0,1,0,0
1663,1663,광장동,127.106843335296,37.5457594063483,365.674536502774,1,111.926425357754,8,116.077081075493,10,248.034688027193,0,0,0,0
1664,1664,광장동,127.106838601497,37.5466607446735,375.111762556016,1,92.6210682304357,9,81.673466825112,10,204.357662333231,1,1,0,2
1665,1665,광장동,127.106833867486,37.5475620828602,393.736486785306,1,41.9696666819339,9,84.832402100905,10,171.265453747058,1,1,0,2
1666,1666,광장동,127.106829133266,37.5484634209086,420.329181478672,1,44.385947079997294,9,122.685886859828,9,155.661829753825,1,1,0,2
1667,1667,광장동,127.106824398834,37.5493647588184,453.49027335773906,0,95.2462736407296,8,173.886229025989,9,162.66006650114,1,1,0,2
1668,1668,광장동,127.106819664191,37.5502660965898,491.89311542568896,0,87.3633922288498,7,229.674361154901,6,189.775988782335,1,1,0,2
1669,1669,광장동,127.106814929337,37.5511674342228,534.408871571252,0,116.284920146949,6,287.390841386334,6,230.001055625318,0,0,0,0
1670,1670,광장동,127.106810194273,37.5520687717173,580.133982249107,0,163.527697934819,5,346.072197033863,1,277.695823774678,0,0,0,0
1671,1671,광장동,127.106805458997,37.5529701090734,628.368217954225,0,217.462025679968,3,401.235963201809,0,329.633698326162,0,0,0,1
1672,1672,광장동,127.106800723511,37.553871446291,678.576728330016,0,274.166830253854,2,456.31792098346,2,384.097244813936,0,0,0,1
1673,1673,광장동,127.106795987813,37.5547727833702,730.352454874534,0,332.226514419253,0,507.724555767058,2,440.14988360829,0,0,0,1
1674,1674,광장동,127.106791251905,37.5556741203109,783.384712616141,0,391.03803538823,0,504.53593097909,2,497.254511358748,0,0,0,1
1675,1675,광장동,127.106786515785,37.5565754571132,837.434815003598,0,450.30690625144,0,508.585028812483,2,555.086547166426,0,0,0,1
1676,1676,광장동,127.106781779455,37.557476793777,892.317817200929,0,509.873656184455,0,519.702700083957,2,613.440291854755,0,0,0,1
1677,1677,광장동,127.106777042913,37.5583781303024,947.889051945545,0,569.644841785323,0,537.450457965147,0,672.179882053942,0,0,0,1
1678,1678,광장동,127.106772306161,37.5592794666892,1004.03424611714,0,629.562233314881,0,561.199626436265,0,731.212332797717,0,0,0,1
1679,1679,광장동,127.107994227187,37.5421578148403,535.888950000691,0,307.697934308084,1,333.01359059564,0,519.212056215256,0,0,0,1
1680,1680,광장동,127.107989507858,37.543059153841,514.540701438962,1,247.606134573235,3,273.266213278459,4,469.47154335424096,0,0,0,0
1681,1681,광장동,127.107984788318,37.5439604927033,499.656007795942,1,187.800750379308,5,213.963354357491,8,422.557761264474,0,0,0,0
1682,1682,광장동,127.107980068569,37.5448618314272,491.822060411314,1,128.681719662134,6,153.546066596205,10,379.5204189253,0,0,0,0
1683,1683,광장동,127.107975348609,37.5457631700126,491.376196700596,1,71.9609725997469,8,93.0294186346659,10,341.826834306486,0,0,0,0
1684,1684,광장동,127.107970628439,37.5466645084595,498.338241714532,1,33.5753771820689,9,32.5904410116687,10,311.423449211505,0,0,0,0
1685,1685,광장동,127.107965908059,37.5475658467681,512.406325899509,1,66.3758420183409,9,28.2733303832185,9,290.607437763268,1,1,0,2
1686,1686,광장동,127.107961187468,37.5484671849382,533.018085982938,0,111.218758898905,7,76.2769412716698,8,281.513647000214,1,1,0,2
1687,1687,광장동,127.107956466667,37.5493685229698,559.450720754762,0,59.1478593698239,7,127.689406406915,7,285.26533388569,1,1,0,2
1688,1688,광장동,127.107951745656,37.550269860863,590.923619448251,0,44.2360359434958,7,184.717722558053,6,301.383159766293,1,0,0,2
1689,1689,광장동,127.107947024435,37.5511711986178,626.677843464461,0,88.0038604635161,7,243.446757272981,5,328.049420924169,0,0,0,0
1690,1690,광장동,127.107942303003,37.5520725362341,666.024241042274,0,144.436911179511,5,300.360643796513,3,362.946477806093,0,0,0,0
1691,1691,광장동,127.107937581361,37.552973873712,708.364474565779,0,203.245779147699,3,357.291736552693,2,403.946745059191,0,0,0,1
1692,1692,광장동,127.107932859508,37.5538752110514,753.193820540154,0,262.840541105649,3,396.556860082036,2,449.382796894027,0,0,0,1
1693,1693,광장동,127.107928137446,37.5547765482524,800.093989088497,0,322.786191672102,0,382.87853255950705,2,498.04208251309,0,0,0,1
1694,1694,광장동,127.107923415172,37.5556778853149,848.72174671512,0,382.917964448684,0,378.503279791162,2,549.068320493477,0,0,0,1
1695,1695,광장동,127.107918692689,37.5565792222389,898.796729811794,0,443.160095495086,0,383.749428569304,2,601.859789564313,0,0,0,1
1696,1696,광장동,127.107913969995,37.5574805590246,950.090132667426,0,503.472966563979,0,398.23691233278095,2,655.99044766477,0,0,0,1
1697,1697,광장동,127.10790924709,37.558381895671694,1002.41493088546,0,563.83387204095,0,421.012791209096,2,711.154553011092,0,0,0,1
1698,1698,광장동,127.107904523976,37.5592832321804,1055.6177604736,0,624.228873202416,0,450.822597352081,0,767.129189325857,0,0,0,1
1699,1699,광장동,127.109121480498,37.5430629062892,636.038941919019,0,293.301067155012,1,295.644535644847,3,554.790886942138,0,0,0,1
1700,1700,광장동,127.109116774586,37.5439642452729,623.978462820497,0,244.711568913879,2,235.757636170158,6,515.59937679742,0,0,0,0
1701,1701,광장동,127.109112068464,37.5448655841182,617.642059074154,1,202.661568596329,4,176.316958043203,7,480.855327492744,0,0,0,0
1702,1702,광장동,127.109107362133,37.545766922825,617.206045962983,1,172.015663767795,6,117.99875341729,7,451.586435158818,0,0,0,0
1703,1703,광장동,127.109102655592,37.5466682613934,622.682813691815,0,118.149276649771,7,63.9512757209541,7,428.915025359665,0,0,0,0
1704,1704,광장동,127.109097948842,37.5475695998234,633.919125234465,0,62.1527619729522,7,28.6212140995095,7,413.926577997505,0,0,0,0
1705,1705,광장동,127.109093241881,37.548470938114896,650.616638341365,0,33.1162257591008,7,38.8527421938217,7,407.469804653058,0,0,0,0
1706,1706,광장동,127.109088534712,37.549372276268,672.368603538708,0,75.2356407849722,7,97.620804527865,6,409.948024124134,0,0,0,0
1707,1707,광장동,127.109083827332,37.5502736142826,698.703111810448,0,67.7591316274265,7,157.734035346267,5,421.20354772423,0,0,0,0
1708,1708,광장동,127.109079119743,37.5511749521588,729.12379105715,0,102.184031212087,5,218.082881432153,5,440.564154705526,0,0,0,0
1709,1709,광장동,127.109074411944,37.5520762898966,763.142140118594,0,153.694142115079,4,278.514214333628,4,467.022926821275,0,0,0,0
1710,1710,광장동,127.109069703935,37.5529776274959,800.299508171214,0,210.076732371519,3,309.894519809238,2,499.453043057524,0,0,0,1
1711,1711,광장동,127.109064995716,37.5538789649567,840.179520847536,0,268.277101208284,3,279.177168477806,2,536.773278809984,0,0,0,1
1712,1712,광장동,127.109060287288,37.5547803022792,882.413108332153,0,327.327041772084,0,259.182356744202,2,578.037230949406,0,0,0,1
1713,1713,광장동,127.10905557865,37.5556816394631,926.678529255825,0,386.837686266607,0,252.470623369821,2,622.46108237655,0,0,0,1
1714,1714,광장동,127.109050869802,37.5565829765087,972.698427086361,0,446.62490645442494,0,260.072394834094,2,669.416031546262,0,0,0,1
1715,1715,광장동,127.109046160745,37.5574843134157,1020.23540835642,0,506.59078280912,0,280.827692773441,2,718.405948828881,0,0,0,1
1716,1716,광장동,127.109041451478,37.558385650184306,1069.08711811724,0,566.67859700915,0,312.123432938926,2,769.042031004561,0,0,0,1
1717,1717,광장동,127.109036742,37.5592869868145,1119.0813899493,0,626.853279976779,0,351.15264195347,2,821.01975128903,0,0,0,1
1718,1718,광장동,127.110244068569,37.5448693259577,743.527983368408,0,253.541432349745,3,193.690336739271,5,591.749632564436,0,0,0,0
1719,1719,광장동,127.110239375867,37.5457706647856,743.098979012411,0,198.557230575329,6,142.303155984634,6,568.133254016321,0,0,0,0
1720,1720,광장동,127.110234682955,37.5466720034751,747.587788050091,0,147.97597690773,7,101.561005892821,6,550.19330556322,0,0,0,0
1721,1721,광장동,127.110229989834,37.5475733420261,756.906917036279,0,108.161915743645,7,87.802562635868,6,538.49740895743,0,0,0,0
1722,1722,광장동,127.110225296504,37.5484746804387,770.881201989817,0,93.9749911230442,7,111.508469551207,5,533.456414848648,0,0,0,0
1723,1723,광장동,127.110220602965,37.5493760187129,789.263412750849,0,64.4891342308875,7,156.490186781529,5,535.258375978028,0,0,0,0
1724,1724,광장동,127.110215909217,37.5502773568486,811.754147983057,0,27.4880088649488,6,209.462177145546,5,543.8352703858,0,0,0,0
1725,1725,광장동,127.11021121526,37.5511786948459,838.022677538986,0,68.430242284594,5,258.416850378934,4,558.875261249349,0,0,0,0
1726,1726,광장동,127.110206521094,37.5520800327047,867.725972254476,0,126.254366386101,4,271.911621213555,3,579.875669716694,0,0,0,0
1727,1727,광장동,127.110201826719,37.5529813704251,900.524211579728,0,185.817076350339,3,220.42415362245,2,606.217370011663,0,0,0,1
1728,1728,광장동,127.110197132134,37.5538827080071,936.092132503417,0,245.85799736342,3,174.326001735701,2,637.238318116665,0,0,0,1
1729,1729,광장동,127.110192437341,37.5547840454506,974.126394222352,0,306.095845054082,0,139.724053841546,2,672.291090050154,0,0,0,1
1730,1730,광장동,127.110187742338,37.5556853827557,1014.34959659334,0,366.433506452352,0,126.438011836708,2,710.779432081156,0,0,0,1
1731,1731,광장동,127.110183047126,37.5565867199223,1056.5117563986,0,426.828647182319,0,140.644331707296,2,752.176137824373,0,0,0,1
1732,1732,광장동,127.110178351705,37.5574880569505,1100.39001637395,0,487.259888444074,0,175.799821238769,2,796.027592364105,0,0,0,1
1733,1733,광장동,127.110173656075,37.5583893938402,1145.78723530893,0,547.715275903291,0,222.172933703994,2,841.950326240329,0,0,0,1
1734,1734,광장동,127.111366710527,37.5466757347046,872.812616033312,0,248.184487117612,6,219.773592353516,5,673.214902333042,0,0,0,0
1735,1735,광장동,127.111362031036,37.5475770733763,880.752025497042,0,205.504615744069,6,213.528303262653,5,663.615432169636,0,0,0,0
1736,1736,광장동,127.111357351336,37.5484784119097,892.734982446064,0,155.134246857916,6,224.095117629108,5,659.456036771105,0,0,0,0
1737,1737,광장동,127.111352671428,37.549379750304496,908.601514655499,0,115.029052630085,6,249.345708950709,5,660.839441098715,0,0,0,0
1738,1738,광장동,127.111347991312,37.550281088561,928.152474208289,0,98.6270075296351,5,285.409027700405,5,667.731191092911,0,0,0,0
1739,1739,광장동,127.111343310987,37.551182426679,951.160686764256,0,116.419241820619,4,296.856483733862,5,679.96381425881,0,0,0,0
1740,1740,광장동,127.111338630454,37.5520837646586,977.382021904871,0,157.194583315986,4,236.359607810029,2,697.256263257473,0,0,0,1
1741,1741,광장동,127.111333949712,37.5529851024997,1006.56539966627,0,207.83977581219,3,175.893934982184,2,719.243673411171,0,0,0,1
1742,1742,광장동,127.111329268761,37.5538864402024,1038.46112470746,0,262.707328297992,2,115.508453081493,2,745.510749938041,0,0,0,1
1743,1743,광장동,127.111324587602,37.5547877777667,1072.82730309046,0,319.630153680507,0,55.465643730792,2,775.622808189478,0,0,0,1
1744,1744,광장동,127.111319906235,37.55568911519249,1109.43437944475,0,377.680090988065,0,0.46357115765023,2,809.150692382435,0,0,0,1
1745,1745,광장동,127.111315224659,37.5565904524799,1148.06801277585,0,436.407587722633,0,60.7714813695785,2,845.688228479701,0,0,0,1
1746,1746,광장동,127.111310542874,37.5574917896288,1188.5305951324,0,495.571815118792,0,121.312848698016,2,884.862670315478,0,0,0,1
1747,1747,광장동,127.111305860881,37.5583931266393,1230.64173399073,0,555.033124600605,0,181.854645671662,2,926.339534886323,0,0,0,1
1748,1748,광장동,127.112480073615,37.5502848094198,1046.78207408335,0,224.639487120414,4,376.312922596708,3,792.298473892948,0,0,0,1
1749,1749,광장동,127.112475406922,37.5511861476582,1067.19044736269,0,232.78482883066,4,319.250753695635,3,802.573662656101,0,0,0,1
1750,1750,광장동,127.112470740022,37.5520874857581,1090.58136048017,0,255.431756448161,4,263.745296993744,2,817.215971173869,0,0,0,1
1751,1751,광장동,127.112466072913,37.5529888237197,1116.76741696342,0,289.193206185008,2,211.028490712733,2,835.99595974386,0,0,0,1
1752,1752,광장동,127.112461405597,37.5538901615428,1145.5569495075,0,330.682258014191,2,163.815031916595,2,858.64217332828,0,0,0,1
1753,1753,광장동,127.112456738072,37.5547914992274,1176.75888824978,0,377.358599099404,0,128.33003694207,2,884.857812983614,0,0,0,1
1754,1754,광장동,127.11245207034,37.5556928367736,1210.18664983827,0,427.526577508797,0,115.899608794205,2,914.335901720496,0,0,0,1
1755,1755,광장동,127.1124474024,37.5565941741814,1245.66105261475,0,480.092841622144,0,133.145491170701,2,946.771752890049,0,0,0,1
1756,1756,광장동,127.112442734252,37.5574955114508,1283.01234095674,0,534.350065909261,0,171.328924024561,2,981.872281000631,0,0,0,1
1757,1757,광장동,127.112438065896,37.5583968485817,1322.0814456516,0,589.83178779143,0,219.796152861637,2,1019.36225548225,0,0,0,1
1758,1758,광장동,127.113598196323,37.552992534085,1230.01241915225,0,394.758174770458,2,299.823029932772,2,955.10882360254,0,0,0,1
1759,1759,광장동,127.11359354264,37.5538938720281,1256.17122554527,0,425.973024421399,1,268.506392643331,2,974.942562928942,0,0,0,1
1760,1760,광장동,127.11358888875,37.5547952098328,1284.65225824793,0,463.036623029128,0,248.251070149078,2,998.059693557167,0,0,0,1
1761,1761,광장동,127.113584234653,37.5556965474991,1315.304670332,0,504.661967135935,0,241.852385620536,2,1024.23791763995,0,0,0,1
1762,1762,광장동,127.113579580349,37.5565978850269,1347.98033953179,0,549.8139433435,0,250.374968850813,2,1053.24900922836,0,0,0,1
1763,1763,광장동,127.113574925837,37.5574992224163,1382.53581466083,0,597.693836551013,0,272.421977722294,2,1084.86572290544,0,0,0,1
1764,1764,광장동,127.113570271118,37.5584005596672,1418.83375323335,0,647.696954818134,0,305.075232563743,2,1118.86719058246,0,0,0,1
