,경도,위도,subway_최소거리(m),subway_idx,subway_idx_시설명,subway_nearby_count,bus_최소거리(m),bus_idx,bus_idx_시설명,bus_nearby_count,badplace_최소거리(m),badplace_idx,badplace_idx_시설명,bad_place_nearby_count,badplace_최소거리(m),badplace_idx,badplace_idx_시설명,nearby_count,child_protection_최소거리(m),child_protection_idx,child_protection_idx_시설명,어린이보호구역_nearby_count,accident_최소거리(m),accident_idx,accident_idx_시설명,사고다발지역_nearby_count,Unnamed: 0,행정동,경도,위도,타일내주차장수,주차장최소거리(m)
0,127.06163686284600,37.532981282470700,455.6740503891640,10,자양,1,268.75724470310400,92,영동대교북단,2,218.26335178724900,459,비에이치씨한강뚝섬3호점,13,218.26335178724900,459,비에이치씨한강뚝섬3호점,13,748.711382888814,28,인애유치원,0,664.9457120005480,3,서울특별시 광진구 자양동(동부간선도로-강변북로램프(6) 부근),0,29,자양4동,127.06163686284600,37.532981282470700,3.0,37.0
1,127.0616315871800,37.53388261757680,477.61064724379600,10,자양,1,211.14849047848900,92,영동대교북단,2,194.38147631761600,347,체리,17,194.38147631761600,347,체리,17,747.0633550064160,28,인애유치원,0,683.0988392377990,3,서울특별시 광진구 자양동(동부간선도로-강변북로램프(6) 부근),0,30,자양4동,127.0616315871800,37.53388261757680,7.0,48.0
2,127.06162103514500,37.535685287373500,539.446107126533,10,자양,0,105.9801239747520,92,영동대교북단,3,78.49650415014780,347,체리,22,78.49650415014780,347,체리,22,758.365996931095,28,인애유치원,0,733.1517190539620,3,서울특별시 광진구 자양동(동부간선도로-강변북로램프(6) 부근),0,32,자양4동,127.06162103514500,37.535685287373500,1.0,54.0
3,127.06161575877500,37.53658662206400,577.4246033598420,10,자양,0,74.34142829806950,92,영동대교북단,3,26.927457247607400,257,화이트,25,26.927457247607400,257,화이트,25,771.1027044397830,28,인애유치원,0,764.1515726490240,3,서울특별시 광진구 자양동(동부간선도로-강변북로램프(6) 부근),0,33,자양4동,127.06161575877500,37.53658662206400,1.0,35.0
4,127.0638847444380,37.53569366900270,366.8806417013930,10,자양,0,126.89111664625400,50,노룬산시장앞,7,42.413883830144700,5,본스치킨자양본점,29,42.413883830144700,5,본스치킨자양본점,29,511.52444412285300,28,인애유치원,0,525.3423787679780,3,서울특별시 광진구 자양동(동부간선도로-강변북로램프(6) 부근),0,60,자양4동,127.0638847444380,37.53569366900270,1.0,30.0
5,127.06504277345800,37.5311911659837,58.02473836316820,10,자양,1,318.531068814505,105,자양4동주민센터앞,1,200.98582265041900,459,비에이치씨한강뚝섬3호점,9,200.98582265041900,459,비에이치씨한강뚝섬3호점,9,408.17490655418200,28,인애유치원,0,268.7084846570730,3,서울특별시 광진구 자양동(동부간선도로-강변북로램프(6) 부근),0,73,자양4동,127.06504277345800,37.5311911659837,1.0,23.0
6,127.066122342929,37.54020868201340,341.7807893805410,5,건대입구,2,135.26174693113400,9,건대입구역6번출구,10,65.11574683329220,380,천수호프,119,65.11574683329220,380,천수호프,119,493.4301938827250,28,인애유치원,0,666.6573475130140,3,서울특별시 광진구 자양동(동부간선도로-강변북로램프(6) 부근),0,104,자양4동,127.066122342929,37.54020868201340,1.0,36.0
7,127.0673063479490,37.53119948118120,196.44447528514600,10,자양,1,164.59263541364600,105,자양4동주민센터앞,3,146.50731853983400,390,깐부치킨뚝섬유원지점,10,146.50731853983400,390,깐부치킨뚝섬유원지점,10,211.627931238935,28,인애유치원,0,48.02786124347500,3,서울특별시 광진구 자양동(동부간선도로-강변북로램프(6) 부근),1,117,자양3동,127.0673063479490,37.53119948118120,1.0,57.0
8,127.0683965812160,37.538414308172800,158.41230108560700,5,건대입구,2,148.18121282289500,53,대동아파트앞,10,24.429929853008800,295,미니호프,116,24.429929853008800,295,미니호프,116,306.74058402516600,28,인애유치원,0,541.3948853351450,3,서울특별시 광진구 자양동(동부간선도로-강변북로램프(6) 부근),0,151,자양4동,127.0683965812160,37.538414308172800,1.0,31.0
9,127.0695181143640,37.540221110023500,37.813814342966000,5,건대입구,2,104.53172534515100,5,건대로데오거리입구,8,41.95388304262410,33,생마차,116,41.95388304262410,33,생마차,116,375.45674351535600,15,신양초등학교,0,692.1831525455370,3,서울특별시 광진구 자양동(동부간선도로-강변북로램프(6) 부근),0,181,화양동,127.0695181143640,37.540221110023500,1.0,41.0
10,127.07061385398900,37.546534573605300,388.2767288711370,0,건대입구,1,135.41132937416700,19,광진광장,6,44.60072630495770,457,네네치킨화양건대점,81,44.60072630495770,457,네네치킨화양건대점,81,299.8967861028810,6,장안초등학교,0,1132.4974269707800,3,서울특별시 광진구 자양동(동부간선도로-강변북로램프(6) 부근),0,218,화양동,127.07061385398900,37.546534573605300,1.0,21.0
11,127.07175103018000,37.54563735028170,335.8101130739520,0,건대입구,1,151.15982344274600,19,광진광장,5,70.45964084172380,330,한명숙피자치킨,104,70.45964084172380,330,한명숙피자치킨,104,293.5703018989480,6,장안초등학교,0,1123.711929222210,3,서울특별시 광진구 자양동(동부간선도로-강변북로램프(6) 부근),0,251,화양동,127.07175103018000,37.54563735028170,1.0,61.0
12,127.0717458738830,37.54653868465780,338.9590771122110,7,어린이대공원(세종대),1,91.84738714370270,19,광진광장,6,37.03285066866800,400,수준이다른치킨,76,37.03285066866800,400,수준이다른치킨,76,235.61215586933700,6,장안초등학교,0,1178.3983240422100,3,서울특별시 광진구 자양동(동부간선도로-강변북로램프(6) 부근),0,252,화양동,127.0717458738830,37.54653868465780,1.0,33.0
13,127.07287275110800,37.54744411922860,202.38022425094100,7,어린이대공원(세종대),1,151.95097893755900,19,광진광장,6,29.877402982293500,14,베네치아,53,29.877402982293500,14,베네치아,53,171.41783755601000,6,장안초등학교,1,1288.2384789600600,3,서울특별시 광진구 자양동(동부간선도로-강변북로램프(6) 부근),0,289,화양동,127.07287275110800,37.54744411922860,1.0,44.0
14,127.072821309527,37.55645745531100,602.3869777930250,7,어린이대공원(세종대),0,71.99421605129530,38,군자교남단,7,73.03404853111560,21,투다리,28,73.03404853111560,21,투다리,28,86.3490375194753,56,예지어린이집,3,1790.4542196459300,2,서울특별시 광진구 중곡동(신성시장 부근),0,299,군자동,127.072821309527,37.55645745531100,1.0,16.0
15,127.0741175762290,37.52761881765540,948.8685747217200,0,건대입구,0,219.30067150618700,84,신자초등학교앞,1,242.42612936136600,141,교촌치킨자양1호점,5,242.42612936136600,141,교촌치킨자양1호점,5,240.525741109478,4,신자초등학교,0,770.2455651802160,3,서울특별시 광진구 자양동(동부간선도로-강변북로램프(6) 부근),0,307,자양2동,127.0741175762290,37.52761881765540,1.0,38.0
16,127.0751419349380,37.5465509527035,111.99343112100200,7,어린이대공원(세종대),1,17.030310842975000,88,어린이대공원역3번출구,5,82.68518474516270,489,맥주 컴퍼니,36,82.68518474516270,489,맥주 컴퍼니,36,355.12255615044600,23,어린이회관유치원,1,1377.4588534558000,3,서울특별시 광진구 자양동(동부간선도로-강변북로램프(6) 부근),0,372,화양동,127.0751419349380,37.5465509527035,1.0,43.0
17,127.0751061206800,37.55286029223570,329.03899832753100,7,어린이대공원(세종대),0,106.8947182504560,74,세종초교앞,10,82.8952273763824,428,푸라닭군자점,19,82.8952273763824,428,푸라닭군자점,19,225.48323250340500,59,꿈동산몬테소리어린이집,2,1570.9221555491000,2,서울특별시 광진구 중곡동(신성시장 부근),0,379,군자동,127.0751061206800,37.55286029223570,1.0,49.0
18,127.07509588598300,37.554662959426700,448.86747846408900,7,어린이대공원(세종대),2,25.300624510364300,40,군자삼거리,11,38.68495015044960,428,푸라닭군자점,40,38.68495015044960,428,푸라닭군자점,40,132.90833836579400,59,꿈동산몬테소리어린이집,2,1550.2351825382100,2,서울특별시 광진구 중곡동(신성시장 부근),0,381,군자동,127.07509588598300,37.554662959426700,1.0,52.0
19,127.07635555699600,37.53213364525230,831.3371151942620,0,건대입구,0,91.40216653866470,108,자양미소약국.자양골목시장,7,22.596498108507000,234,피자나라 치킨공주,29,22.596498108507000,234,피자나라 치킨공주,29,103.01875440854300,52,선린어린이집,5,753.5194703253430,4,서울특별시 광진구 자양동(자양현대아파트 부근),0,402,자양2동,127.07635555699600,37.53213364525230,1.0,27.0
20,127.07635045862100,37.53303498223470,789.8492605343020,0,건대입구,0,85.46608836299990,108,자양미소약국.자양골목시장,10,25.784055635479300,313,역전할머니맥주,28,25.784055635479300,313,역전할머니맥주,28,67.02373322302400,52,선린어린이집,3,774.605186060761,4,서울특별시 광진구 자양동(자양현대아파트 부근),0,403,자양1동,127.07635045862100,37.53303498223470,2.0,66.0
21,127.07634536002000,37.53393631907850,750.9463048309,0,건대입구,0,54.04408957535380,112,자양중학교앞,11,73.54609945342770,313,역전할머니맥주,29,73.54609945342770,313,역전할머니맥주,29,75.43573391678350,52,선린어린이집,3,799.7217397521980,4,서울특별시 광진구 자양동(자양현대아파트 부근),0,404,자양1동,127.07634536002000,37.53393631907850,18.0,53.0
22,127.07634026119100,37.53483765578380,715.0502698040860,0,건대입구,0,25.572932536150400,112,자양중학교앞,12,132.18224941624600,313,역전할머니맥주,30,132.18224941624600,313,역전할머니맥주,30,78.59035870316200,26,대원(구.우성)유치원,3,828.5026171136780,4,서울특별시 광진구 자양동(자양현대아파트 부근),0,405,자양1동,127.07634026119100,37.53483765578380,6.0,46.0
23,127.07633516213600,37.53573899235060,682.635668059761,0,건대입구,0,75.53868741474980,112,자양중학교앞,11,159.52387908819900,35,맥스카나,23,159.52387908819900,35,맥스카나,23,108.93126024648200,26,대원(구.우성)유치원,2,860.5802490212040,4,서울특별시 광진구 자양동(자양현대아파트 부근),0,406,자양3동,127.07633516213600,37.53573899235060,21.0,45.0
24,127.07633006285300,37.536640328778900,654.2201829296780,0,건대입구,0,35.54458790415060,76,송림식당앞,9,174.91307018016500,35,맥스카나,15,174.91307018016500,35,맥스카나,15,157.7162353546190,26,대원(구.우성)유치원,1,895.6004636421350,4,서울특별시 광진구 자양동(자양현대아파트 부근),0,407,자양3동,127.07633006285300,37.536640328778900,11.0,49.0
25,127.07632496334300,37.537541665068600,630.3448737076880,0,건대입구,0,59.03241399608670,76,송림식당앞,7,207.51019018712000,35,맥스카나,9,207.51019018712000,35,맥스카나,9,212.606709475847,26,대원(구.우성)유치원,0,933.2320489039360,4,서울특별시 광진구 자양동(자양현대아파트 부근),0,408,자양3동,127.07632496334300,37.537541665068600,4.0,54.0
26,127.0762841590840,37.54475235040040,284.0489259840040,7,어린이대공원(세종대),1,187.07261053255900,88,어린이대공원역3번출구,2,45.985203628922100,16,커피브라더 건대점,24,45.985203628922100,16,커피브라더 건대점,24,280.3317015395130,23,어린이회관유치원,0,1298.082342091600,4,서울특별시 광진구 자양동(자양현대아파트 부근),0,416,화양동,127.0762841590840,37.54475235040040,1.0,51.0
27,127.07623823690700,37.552864360801600,370.00492320588700,7,어린이대공원(세종대),0,83.99312725468060,51,능동교회앞,10,124.1738176914340,509,기영이숯불두마리치킨(광진군자점),35,124.1738176914340,509,기영이숯불두마리치킨(광진군자점),35,199.28894045781900,59,꿈동산몬테소리어린이집,1,1448.1096353711100,2,서울특별시 광진구 중곡동(신성시장 부근),0,425,군자동,127.07623823690700,37.552864360801600,1.0,50.0
28,127.07623313330600,37.55376569459800,404.51017462765700,6,군자(능동),2,103.59321180420600,51,능동교회앞,10,80.78841887878750,509,기영이숯불두마리치킨(광진군자점),44,80.78841887878750,509,기영이숯불두마리치킨(광진군자점),44,139.1283448055790,59,꿈동산몬테소리어린이집,1,1435.604964584230,2,서울특별시 광진구 중곡동(신성시장 부근),0,426,군자동,127.07623313330600,37.55376569459800,2.0,58.0
29,127.07622292542300,37.55556836177510,358.0516624407770,6,군자(능동),2,45.043148021504600,52,능동우편취급국,12,49.86483359002430,117,두리두리,55,49.86483359002430,117,두리두리,55,24.38102187964630,59,꿈동산몬테소리어린이집,1,1418.0285805279000,2,서울특별시 광진구 중곡동(신성시장 부근),0,428,군자동,127.07622292542300,37.55556836177510,1.0,32.0
30,127.07620761189200,37.55827236150180,360.49307568848300,6,군자(능동),2,109.19321151191300,39,군자교입구,9,82.14352178586460,474,비비큐(BBQ)군자중앙점,51,82.14352178586460,474,비비큐(BBQ)군자중앙점,51,165.35484567009100,59,꿈동산몬테소리어린이집,2,1410.8430951368000,2,서울특별시 광진구 중곡동(신성시장 부근),0,431,군자동,127.07620761189200,37.55827236150180,1.0,50.0
31,127.07750261294700,37.52943368777370,1050.0596066220600,0,건대입구,0,225.51313528695400,108,자양미소약국.자양골목시장,5,169.69190405319700,333,드렁캔자양점,26,169.69190405319700,333,드렁캔자양점,26,220.03132014859100,4,신자초등학교,2,592.0421043579200,4,서울특별시 광진구 자양동(자양현대아파트 부근),0,447,자양2동,127.07750261294700,37.52943368777370,1.0,31.0
32,127.07745684811700,37.537545720548800,749.7774269494970,0,건대입구,0,80.55375079768870,104,자양1파출소앞,6,136.43582563505800,35,맥스카나,10,136.43582563505800,35,맥스카나,10,256.85610024184200,37,자양병설유치원,3,839.8754779814070,4,서울특별시 광진구 자양동(자양현대아파트 부근),0,456,자양1동,127.07745684811700,37.537545720548800,11.0,68.0
33,127.07737035336200,37.552868418513000,347.97048600253300,6,군자(능동),1,42.03823099789180,51,능동교회앞,8,164.19964959473300,256,플라잉꼬꼬,43,164.19964959473300,256,플라잉꼬꼬,43,245.673796433205,59,꿈동산몬테소리어린이집,0,1325.9007823031700,2,서울특별시 광진구 중곡동(신성시장 부근),0,473,능동,127.07737035336200,37.552868418513000,2.0,37.0
34,127.07736017320100,37.5546710862298,266.0713614652580,6,군자(능동),2,127.35673791760100,51,능동교회앞,11,73.14432137688890,256,플라잉꼬꼬,56,73.14432137688890,256,플라잉꼬꼬,56,163.50892328084800,59,꿈동산몬테소리어린이집,1,1301.14722432062,2,서울특별시 광진구 중곡동(신성시장 부근),0,475,군자동,127.07736017320100,37.5546710862298,7.0,18.0
35,127.0773296272760,37.560079086055400,309.1852171985100,6,군자(능동),2,73.19404417268170,63,메리놀외방선교회,11,81.35608861836420,302,비어잔,62,81.35608861836420,302,비어잔,62,318.6377663077850,59,꿈동산몬테소리어린이집,0,1293.6799527409900,2,서울특별시 광진구 중곡동(신성시장 부근),0,481,중곡1동,127.0773296272760,37.560079086055400,1.0,46.0
36,127.07730416610100,37.56458574876690,563.2424038232170,3,군자(능동),0,104.81286743536600,133,중곡아파트,12,28.94813159158480,185,대광,43,28.94813159158480,185,대광,43,207.82376046687500,18,중마초등학교,1,1363.376207708960,2,서울특별시 광진구 중곡동(신성시장 부근),0,486,중곡1동,127.07730416610100,37.56458574876690,1.0,53.0
37,127.07860902082000,37.53394441814200,840.1497030251110,4,구의(광진구청),0,134.9725411171790,36,국민은행자양지점,12,109.13127440098400,340,바우닭강정,41,109.13127440098400,340,바우닭강정,41,191.98815330493500,52,선린어린이집,3,584.0590530228780,4,서울특별시 광진구 자양동(자양현대아파트 부근),0,503,자양1동,127.07860902082000,37.53394441814200,1.0,25.0
38,127.0784263012950,37.566392461702900,637.4858657329660,3,군자(능동),0,43.712634542974200,134,중곡아파트.기점,8,28.75682921320100,392,호식이두마리치킨중곡점,42,28.75682921320100,392,호식이두마리치킨중곡점,42,77.82143874978170,18,중마초등학교,1,1294.2867111081500,2,서울특별시 광진구 중곡동(신성시장 부근),0,539,중곡3동,127.0784263012950,37.566392461702900,1.0,23.0
39,127.0796345869510,37.55287650137250,271.85737997544400,6,군자(능동),2,247.01896194709800,43,군자역,8,175.2440071089720,121,노가리하우스,42,175.2440071089720,121,노가리하우스,42,263.6273057934500,46,능동어린이집,1,1084.1100071223800,2,서울특별시 광진구 중곡동(신성시장 부근),0,577,능동,127.0796345869510,37.55287650137250,1.0,38.0
40,127.07955355668800,37.56729783177560,538.5652254917790,1,중곡,1,157.26719541444900,134,중곡아파트.기점,10,33.78210369572100,414,오르새피자 중곡점,39,33.78210369572100,414,오르새피자 중곡점,39,117.0779906989380,18,중마초등학교,1,1213.0274037733600,2,서울특별시 광진구 중곡동(신성시장 부근),0,593,중곡3동,127.07955355668800,37.56729783177560,1.0,43.0
41,127.07954342384400,37.56910049558230,572.9068384199030,1,중곡,0,144.79927588329400,64,면곡시장,8,88.23348345630330,414,오르새피자 중곡점,23,88.23348345630330,414,오르새피자 중곡점,23,146.33062025477600,49,중곡샛별어린이집,2,1280.7191049367200,2,서울특별시 광진구 중곡동(신성시장 부근),0,595,중곡3동,127.07954342384400,37.56910049558230,1.0,57.0
42,127.08090798664500,37.52764310934300,843.6727898061610,4,구의(광진구청),0,303.2359785169530,73,성자초등학교앞,1,230.7524716634980,339,쿠켄치킨(자양점),14,230.7524716634980,339,쿠켄치킨(자양점),14,379.8249590865180,13,성자초등학교,0,222.96544097519400,4,서울특별시 광진구 자양동(자양현대아파트 부근),0,602,자양2동,127.08090798664500,37.52764310934300,12.0,25.0
43,127.08086763817900,37.53485381104520,581.4590169174800,4,구의(광진구청),0,205.23017123371300,109,자양사거리,13,73.2092880070314,364,또래오래(자양점),49,73.2092880070314,364,또래오래(자양점),49,137.01745705657700,60,자양도담어린이집,3,464.8820433256430,4,서울특별시 광진구 자양동(자양현대아파트 부근),0,610,자양1동,127.08086763817900,37.53485381104520,1.0,33.0
44,127.080857548816,37.53665648508580,563.8137818011640,4,구의(광진구청),1,157.53363871520500,109,자양사거리,9,40.03960318256110,443,감탄계숯불치킨 자양점,47,40.03960318256110,443,감탄계숯불치킨 자양점,47,108.48777267551300,60,자양도담어린이집,3,575.2597130760290,4,서울특별시 광진구 자양동(자양현대아파트 부근),0,612,자양1동,127.080857548816,37.53665648508580,1.0,31.0
45,127.08076670408400,37.55288052652050,311.9116507018360,3,군자(능동),2,261.68395238614800,44,군자역.용마초등학교,6,124.89352323219700,121,노가리하우스,35,124.89352323219700,121,노가리하우스,35,141.05513454680000,46,능동어린이집,1,965.1864059516480,2,서울특별시 광진구 중곡동(신성시장 부근),0,630,능동,127.08076670408400,37.55288052652050,1.0,50.0
46,127.08076165501900,37.55378186083990,258.131816325063,3,군자(능동),2,213.2220192552910,44,군자역.용마초등학교,8,64.41161477399950,121,노가리하우스,44,64.41161477399950,121,노가리하우스,44,135.1371229987160,46,능동어린이집,1,946.0805838761260,2,서울특별시 광진구 중곡동(신성시장 부근),0,631,능동,127.08076165501900,37.55378186083990,1.0,52.0
47,127.08203972250400,37.52764712000130,766.0642693127830,4,구의(광진구청),0,255.93665024831600,73,성자초등학교앞,1,159.6970165921670,339,쿠켄치킨(자양점),14,159.6970165921670,339,쿠켄치킨(자양점),14,299.78307741679400,13,성자초등학교,0,111.2754408658840,4,서울특별시 광진구 자양동(자양현대아파트 부근),1,654,자양2동,127.08203972250400,37.52764712000130,15.0,15.0
48,127.082014574488,37.532153810252900,545.7377888232740,4,구의(광진구청),0,66.71524437968010,73,성자초등학교앞,6,47.39975605250170,484,처갓집 양념치킨 자양점,36,47.39975605250170,484,처갓집 양념치킨 자양점,36,161.35420708280000,13,성자초등학교,2,246.84559904498500,4,서울특별시 광진구 자양동(자양현대아파트 부근),0,659,자양1동,127.082014574488,37.532153810252900,2.0,34.0
49,127.08200451371300,37.53395648538410,483.18815340394500,4,구의(광진구청),1,176.85137427060500,73,성자초등학교앞,10,46.47020472160340,103,교촌치킨자양2호점,50,46.47020472160340,103,교촌치킨자양2호점,50,227.48419085071400,13,성자초등학교,1,362.7670357749850,4,서울특별시 광진구 자양동(자양현대아파트 부근),0,661,자양1동,127.08200451371300,37.53395648538410,1.0,39.0
50,127.08183838145100,37.56370054506270,313.9587626324370,1,중곡,1,88.67632554985670,128,중곡동성당,19,24.766196206930300,193,디딤돌 식당,58,24.766196206930300,193,디딤돌 식당,58,140.56056569244100,17,중광초등학교,2,873.6975347250360,2,서울특별시 광진구 중곡동(신성시장 부근),0,694,중곡1동,127.08183838145100,37.56370054506270,1.0,23.0
51,127.08317145858700,37.527651119815,702.6169255163680,4,구의(광진구청),0,266.082592989702,73,성자초등학교앞,1,138.77614853239600,487,1번지 통닭,10,138.77614853239600,487,1번지 통닭,10,259.2636824775040,13,성자초등학교,0,82.43461914789030,4,서울특별시 광진구 자양동(자양현대아파트 부근),1,706,자양2동,127.08317145858700,37.527651119815,3.0,30.0
52,127.08312129314800,37.53666449815030,312.33653981921800,4,구의(광진구청),1,95.70433796094280,109,자양사거리,9,76.21733010946890,177,남촌치킨,53,76.21733010946890,177,남촌치킨,53,278.1673049944540,24,성산유치원,1,534.643464869228,4,서울특별시 광진구 자양동(자양현대아파트 부근),0,716,자양1동,127.08312129314800,37.53666449815030,1.0,43.0
53,127.08309620204800,37.54117118212460,417.205581860082,4,구의(광진구청),0,142.8705564658350,17,광진경찰서,7,115.98413672748900,301,미가담,48,115.98413672748900,301,미가담,48,195.0145049132420,61,아이터어린이집,0,836.6068119302400,4,서울특별시 광진구 자양동(자양현대아파트 부근),0,721,구의1동,127.08309620204800,37.54117118212460,1.0,39.0
54,127.08301587295900,37.55559254757390,395.75587744183900,3,군자(능동),2,118.30929152906100,44,군자역.용마초등학교,5,112.35750383542100,432,치킨뱅이,44,112.35750383542100,432,치킨뱅이,44,160.45451888653500,8,용마초등학교,3,671.7213503953720,2,서울특별시 광진구 중곡동(신성시장 부근),0,737,능동,127.08301587295900,37.55559254757390,1.0,8.0
55,127.08298071097400,37.56190188380760,308.3512300760070,1,중곡,1,85.14475421928480,129,중곡동성당앞,17,23.424151140386800,477,다락,56,23.424151140386800,477,다락,56,226.47978760974200,17,중광초등학교,0,708.207148809494,2,서울특별시 광진구 중곡동(신성시장 부근),0,744,중곡2동,127.08298071097400,37.56190188380760,11.0,57.0
56,127.08426317328200,37.53486581359300,236.39840677117100,4,구의(광진구청),1,15.00868907639320,58,동서울우편집중국앞,11,87.91657706034740,525,룸살롱,55,87.91657706034740,525,룸살롱,55,131.70961662089800,24,성산유치원,1,443.5813382907070,4,서울특별시 광진구 자양동(자양현대아파트 부근),0,766,자양2동,127.08426317328200,37.53486581359300,2.0,28.0
57,127.0842431571270,37.538471162673800,208.41372271367800,4,구의(광진구청),1,108.435781121126,20,광진구청,11,53.29412575720930,19,작심가,60,53.29412575720930,19,작심가,60,256.25530863839300,57,명성어린이집,1,674.0788208099490,4,서울특별시 광진구 자양동(자양현대아파트 부근),0,770,구의1동,127.0842431571270,37.538471162673800,1.0,51.0
58,127.08415304027900,37.55469520611500,534.1233732562830,3,군자(능동),2,193.3340368475790,131,중곡동입구삼거리,6,249.45078663234300,432,치킨뱅이,33,249.45078663234300,432,치킨뱅이,33,156.45059621583800,54,성심어린이집,3,569.8009563786880,2,서울특별시 광진구 중곡동(신성시장 부근),0,788,능동,127.08415304027900,37.55469520611500,2.0,20.0
59,127.0841430228350,37.55649787483830,509.83067381838400,3,군자(능동),2,228.4552235399080,131,중곡동입구삼거리,12,199.08725935442000,233,숯불직화꼬치바베큐,44,199.08725935442000,233,숯불직화꼬치바베큐,44,94.79823059424840,54,성심어린이집,2,536.2666392431590,2,서울특별시 광진구 중곡동(신성시장 부근),0,790,중곡2동,127.0841430228350,37.55649787483830,1.0,16.0
60,127.0841279949940,37.55920187688450,451.65915651110800,1,중곡,2,146.60766973037100,138,중곡우체국앞,16,72.66590757885640,300,또래오래치킨(중곡점),50,72.66590757885640,300,또래오래치킨(중곡점),50,113.9386458078690,8,용마초등학교,1,535.5956445412790,2,서울특별시 광진구 중곡동(신성시장 부근),0,793,중곡2동,127.0841279949940,37.55920187688450,2.0,14.0
61,127.084122985268,37.56010321062280,391.26653468128800,1,중곡,0,86.72250999821640,138,중곡우체국앞,19,38.654094172377300,300,또래오래치킨(중곡점),46,38.654094172377300,300,또래오래치킨(중곡점),46,166.52890001482600,8,용마초등학교,1,548.8785215229630,2,서울특별시 광진구 중곡동(신성시장 부근),0,794,중곡2동,127.084122985268,37.56010321062280,1.0,5.0
62,127.08411797531800,37.56100454422270,330.9147401793060,1,중곡,0,29.483218822401600,138,중곡우체국앞,17,49.29776809904740,375,너울가지,52,49.29776809904740,375,너울가지,52,223.16614212622800,8,용마초등학교,0,568.3263992273990,2,서울특별시 광진구 중곡동(신성시장 부근),0,795,중곡2동,127.08411797531800,37.56100454422270,6.0,43.0
63,127.0841129651460,37.561905877684000,270.6310775729060,1,중곡,1,39.23266937214300,138,중곡우체국앞,16,24.864773476329500,375,너울가지,53,24.864773476329500,375,너울가지,53,274.1072162672020,17,중광초등학교,0,593.3333655177220,2,서울특별시 광진구 중곡동(신성시장 부근),0,796,중곡2동,127.0841129651460,37.561905877684000,3.0,41.0
64,127.08532513737200,37.54748850663840,568.7056958945430,2,아차산(어린이대공원후문),0,142.59723833081400,26,구의사거리,7,122.92090708979300,437,꼬꼬누리,17,122.92090708979300,437,꼬꼬누리,17,115.09456042655000,63,한국켄트외국인학교,3,806.197782653791,2,서울특별시 광진구 중곡동(신성시장 부근),0,832,능동,127.08532513737200,37.54748850663840,1.0,48.0
65,127.0852901803300,37.5537978534044,517.397484213891,2,아차산(어린이대공원후문),1,90.63329630569410,131,중곡동입구삼거리,6,320.74853597074900,291,코스모스,28,320.74853597074900,291,코스모스,28,95.07934734141480,62,능동꿈맞이어린이집,2,487.2860344290780,2,서울특별시 광진구 중곡동(신성시장 부근),0,839,능동,127.0852901803300,37.5537978534044,2.0,32.0
66,127.08526520433900,37.558304525510600,522.1066565935400,1,중곡,0,218.34197203264200,132,중곡보건지소,14,106.61117171373400,395,동근이 숯불두마리치킨,37,106.61117171373400,395,동근이 숯불두마리치킨,37,120.74561276160000,54,성심어린이집,2,403.08358360019300,2,서울특별시 광진구 중곡동(신성시장 부근),0,844,중곡2동,127.08526520433900,37.558304525510600,1.0,38.0
67,127.08525021607400,37.56100852711220,345.75731820430900,1,중곡,0,144.40207454678900,138,중곡우체국앞,18,97.85221488019120,165,꿈꾸는다락방,38,97.85221488019120,165,꿈꾸는다락방,38,287.0145609497940,8,용마초등학교,0,453.1709586120890,2,서울특별시 광진구 중곡동(신성시장 부근),0,847,중곡2동,127.08525021607400,37.56100852711220,7.0,30.0
68,127.08521023757200,37.5682191919548,183.24314633710600,1,중곡,1,42.90432617786190,96,용곡삼거리,10,46.755391180501900,361,동인곱창,32,46.755391180501900,361,동인곱창,32,344.175343974156,17,중광초등학교,0,801.1994264236990,2,서울특별시 광진구 중곡동(신성시장 부근),0,855,중곡3동,127.08521023757200,37.5682191919548,1.0,27.0
69,127.08520024072000,37.5700218567802,292.065966740688,1,중곡,1,126.42779558514500,96,용곡삼거리,7,75.89394377138370,454,한정식 정육식당,22,75.89394377138370,454,한정식 정육식당,22,411.5328597207800,16,용곡초등학교,0,907.9010844070410,2,서울특별시 광진구 중곡동(신성시장 부근),0,857,중곡3동,127.08520024072000,37.5700218567802,1.0,45.0
70,127.08653681672300,37.533071085168400,277.64667137947900,4,구의(광진구청),1,54.838994151361900,150,행운슈퍼앞,7,162.4199555684820,281,가마로강정 자양점,22,162.4199555684820,281,가마로강정 자양점,22,262.8649607726060,24,성산유치원,3,508.09050283090700,4,서울특별시 광진구 자양동(자양현대아파트 부근),0,867,자양2동,127.08653681672300,37.533071085168400,1.0,46.0
71,127.08651691132200,37.53667643638570,72.09541077296220,4,구의(광진구청),1,176.56070163571900,31,구의역2번출구,13,60.517634814533800,279,골목료리집,51,60.517634814533800,279,골목료리집,51,229.56620999265900,57,명성어린이집,0,675.5435085764310,4,서울특별시 광진구 자양동(자양현대아파트 부근),0,871,자양2동,127.08651691132200,37.53667643638570,1.0,32.0
72,127.08645219426800,37.54839381253940,429.7255778691980,2,아차산(어린이대공원후문),1,184.12797919157000,26,구의사거리,8,175.5088516066190,469,그램치킨,16,175.5088516066190,469,그램치킨,16,83.52249416729070,63,한국켄트외국인학교,3,696.2262229536390,2,서울특별시 광진구 중곡동(신성시장 부근),0,884,구의2동,127.08645219426800,37.54839381253940,2.0,25.0
73,127.0864372542400,37.55109781909720,372.13602675857700,2,아차산(어린이대공원후문),1,250.1028525796840,131,중곡동입구삼거리,8,281.3826349774350,469,그램치킨,23,281.3826349774350,469,그램치킨,23,94.86877350155330,10,경복초등학교,3,534.4559578110080,2,서울특별시 광진구 중곡동(신성시장 부근),0,887,능동,127.0864372542400,37.55109781909720,1.0,61.0
74,127.08643227378700,37.5519991543394,371.13078002446800,2,아차산(어린이대공원후문),1,191.81405654376300,131,중곡동입구삼거리,7,246.39458916892000,171,호 그,23,246.39458916892000,171,호 그,23,80.2621118836017,62,능동꿈맞이어린이집,3,483.6590653171530,2,서울특별시 광진구 중곡동(신성시장 부근),0,888,능동,127.08643227378700,37.5519991543394,4.0,50.0
75,127.08642729311200,37.55290048944310,379.88652432409100,2,아차산(어린이대공원후문),1,135.48447664785700,131,중곡동입구삼거리,5,219.76265354792000,171,호 그,16,219.76265354792000,171,호 그,16,57.34536412395340,62,능동꿈맞이어린이집,1,435.3524547018690,2,서울특별시 광진구 중곡동(신성시장 부근),0,889,능동,127.08642729311200,37.55290048944310,1.0,40.0
76,127.08642231221500,37.553801824408400,397.7591771945620,2,아차산(어린이대공원후문),1,85.09796956059130,131,중곡동입구삼거리,6,200.26991588170900,291,코스모스,23,200.26991588170900,291,코스모스,23,86.3549836844184,62,능동꿈맞이어린이집,1,390.46148347854000,2,서울특별시 광진구 중곡동(신성시장 부근),0,890,능동,127.08642231221500,37.553801824408400,3.0,50.0
77,127.08639242217400,37.55920983129120,506.25260823960100,1,중곡,0,78.91915651509750,132,중곡보건지소,13,12.854855500982800,204,제3위드치킨호프,25,12.854855500982800,204,제3위드치킨호프,25,236.24610140590800,54,성심어린이집,1,289.4959170419600,2,서울특별시 광진구 중곡동(신성시장 부근),0,896,중곡2동,127.08639242217400,37.55920983129120,1.0,14.0
78,127.08638743972400,37.56011116528680,452.95406697095200,1,중곡,0,76.04600404121790,132,중곡보건지소,17,47.714955310835400,204,제3위드치킨호프,28,47.714955310835400,204,제3위드치킨호프,28,284.2540616023790,54,성심어린이집,0,313.04205262225300,2,서울특별시 광진구 중곡동(신성시장 부근),0,897,중곡2동,127.08638743972400,37.56011116528680,9.0,10.0
79,127.08768352127200,37.53037102712040,491.28541611071300,4,구의(광진구청),0,191.59272618978800,150,행운슈퍼앞,4,303.99452207826500,281,가마로강정 자양점,10,303.99452207826500,281,가마로강정 자양점,10,179.86583380937700,7,양남초등학교,2,554.4875482545650,4,서울특별시 광진구 자양동(자양현대아파트 부근),0,914,자양2동,127.08768352127200,37.53037102712040,1.0,18.0
80,127.08763885770600,37.53848306913510,213.75648113211600,4,구의(광진구청),1,64.52524561930010,31,구의역2번출구,10,44.09946122734560,286,아벡데 프리츠,53,44.09946122734560,286,아벡데 프리츠,53,180.9680245514110,57,명성어린이집,1,848.2477343264160,4,서울특별시 광진구 자양동(자양현대아파트 부근),0,923,구의1동,127.08763885770600,37.53848306913510,1.0,31.0
81,127.08759914172400,37.54569376373130,469.0481785786850,2,아차산(어린이대공원후문),0,152.05171107354100,68,서울서광교회앞,10,103.91483280448600,530,스텐드바,31,103.91483280448600,530,스텐드바,31,171.3819223128210,63,한국켄트외국인학교,1,752.9387969325970,0,서울특별시 광진구 구의동(슬기유치원앞 부근),0,931,구의2동,127.08759914172400,37.54569376373130,2.0,53.0
82,127.08758424458100,37.54839777191990,328.0143358231370,2,아차산(어린이대공원후문),1,101.31632276655800,68,서울서광교회앞,10,60.743796752978400,469,그램치킨,21,60.743796752978400,469,그램치킨,21,129.5668744567430,10,경복초등학교,3,657.3944118107730,2,서울특별시 광진구 중곡동(신성시장 부근),0,934,구의2동,127.08758424458100,37.54839777191990,2.0,31.0
83,127.08756437862700,37.552003114232300,245.42393045750400,2,아차산(어린이대공원후문),1,195.22129416993200,130,중곡동입구,9,156.6058760601460,171,호 그,23,156.6058760601460,171,호 그,23,170.186126234554,10,경복초등학교,3,425.3515138131190,2,서울특별시 광진구 중곡동(신성시장 부근),0,938,능동,127.08756437862700,37.552003114232300,6.0,26.0
84,127.08755941158600,37.552904449464100,258.26432211974100,2,아차산(어린이대공원후문),1,147.0278703367860,130,중곡동입구,9,109.55625455292700,171,호 그,25,109.55625455292700,171,호 그,25,183.24614768985200,62,능동꿈맞이어린이집,1,369.3512936248420,2,서울특별시 광진구 중곡동(신성시장 부근),0,939,능동,127.08755941158600,37.552904449464100,4.0,43.0
85,127.08755444432300,37.5538057845575,283.7094897177300,2,아차산(어린이대공원후문),1,111.56109665792800,130,중곡동입구,8,82.47760366575330,171,호 그,29,82.47760366575330,171,호 그,29,194.01267934000400,62,능동꿈맞이어린이집,1,315.0234461685910,2,서울특별시 광진구 중곡동(신성시장 부근),0,940,능동,127.08755444432300,37.5538057845575,1.0,59.0
86,127.08753457305800,37.5574111235459,457.0383097479420,2,아차산(어린이대공원후문),0,62.76102176496020,81,신성시장앞,13,107.82303306228700,195,또모꼬치킨호프,25,107.82303306228700,195,또모꼬치킨호프,25,288.52287136787300,54,성심어린이집,1,154.09895155039400,2,서울특별시 광진구 중곡동(신성시장 부근),1,944,중곡2동,127.08753457305800,37.5574111235459,1.0,51.0
87,127.08752463609700,37.55921379220910,563.0441338559310,2,아차산(어린이대공원후문),0,62.54154236734580,81,신성시장앞,14,94.05931743782320,290,왕노가리,21,94.05931743782320,290,왕노가리,21,333.23098777670200,54,성심어린이집,0,173.02383583467800,2,서울특별시 광진구 중곡동(신성시장 부근),1,946,중곡2동,127.08752463609700,37.55921379220910,3.0,20.0
88,127.087519667285,37.56011512633290,528.0769822148250,1,중곡,0,56.622708262512300,54,대순진리회앞.구.새마을금고,13,99.01209234679670,290,왕노가리,20,99.01209234679670,290,왕노가리,20,368.6799692688400,54,성심어린이집,0,209.80218943439100,2,서울특별시 광진구 중곡동(신성시장 부근),0,947,중곡4동,127.087519667285,37.56011512633290,1.0,67.0
89,127.08874105443700,37.543895038802200,535.5363739725910,2,아차산(어린이대공원후문),0,71.19098852793630,61,래미안구의파크스위트,9,63.78991147338780,379,자담치킨구의점,36,63.78991147338780,379,자담치킨구의점,36,173.0751220566040,44,신나는어린이집,1,740.3649832317330,0,서울특별시 광진구 구의동(슬기유치원앞 부근),0,979,구의1동,127.08874105443700,37.543895038802200,1.0,41.0
90,127.08863702822100,37.56282307844530,523.6901139667870,1,중곡,0,168.89123621950900,56,대원외고앞,12,143.7611739911280,451,자담치킨 중곡점,16,143.7611739911280,451,자담치킨 중곡점,16,288.4213557087260,16,용곡초등학교,0,328.1262041234230,2,서울특별시 광진구 중곡동(신성시장 부근),0,1000,중곡4동,127.08863702822100,37.56282307844530,1.0,47.0
91,127.0885973735800,37.57003374414750,550.3382658345440,1,중곡,0,301.66349326822500,99,용암사입구,4,246.86174294324700,155,크라운호프 서울중곡점,10,246.86174294324700,155,크라운호프 서울중곡점,10,197.0254069780630,16,용곡초등학교,0,811.683817483724,2,서울특별시 광진구 중곡동(신성시장 부근),0,1008,중곡4동,127.0885973735800,37.57003374414750,1.0,35.0
92,127.0898532845470,37.54750432194300,281.25326684557600,2,아차산(어린이대공원후문),1,98.61639641287100,24,구의2동주민센터입구,10,83.86699031671460,267,화신포차,25,83.86699031671460,267,화신포차,25,165.09773990848700,19,광진초등학교,1,480.5587453381030,0,서울특별시 광진구 구의동(슬기유치원앞 부근),0,1032,구의2동,127.0898532845470,37.54750432194300,1.0,59.0
93,127.089823649196,37.55291233694260,82.28843947701090,2,아차산(어린이대공원후문),1,64.44564677831300,90,어린이대공원후문아차산역,12,23.647156605017200,72,육감만족아차산점,35,23.647156605017200,72,육감만족아차산점,35,312.0833099112570,25,슬기유치원,1,354.25553148054800,2,서울특별시 광진구 중곡동(신성시장 부근),0,1038,중곡4동,127.089823649196,37.55291233694260,1.0,35.0
94,127.08980388789400,37.556517677505700,324.0658566637690,2,아차산(어린이대공원후문),0,160.82589211287500,149,해오름공원입구,16,38.526235633047600,493,아차산통닭,37,38.526235633047600,493,아차산통닭,37,201.3282983770280,50,키즈용맹(구.하은)어린이집,1,140.89097871869500,2,서울특별시 광진구 중곡동(신성시장 부근),1,1042,중곡4동,127.08980388789400,37.556517677505700,1.0,28.0
95,127.08979894701900,37.55741901230030,384.5634259642180,2,아차산(어린이대공원후문),0,104.54367963122400,3,강원설비앞,15,24.581006839916600,493,아차산통닭,28,24.581006839916600,493,아차산통닭,28,165.88323330520700,50,키즈용맹(구.하은)어린이집,1,108.38256178279600,2,서울특별시 광진구 중곡동(신성시장 부근),1,1043,중곡4동,127.08979894701900,37.55741901230030,8.0,45.0
96,127.08973963933800,37.568235019031400,622.9576462296660,1,중곡,0,380.77110399822300,127,중곡4동파출소,4,363.719797468544,155,크라운호프 서울중곡점,5,363.719797468544,155,크라운호프 서울중곡점,5,161.96509465448800,16,용곡초등학교,1,696.934640249527,2,서울특별시 광진구 중곡동(신성시장 부근),0,1055,중곡4동,127.08973963933800,37.568235019031400,1.0,32.0
97,127.0910640927800,37.53308684890030,424.6075517642920,9,강변(동서울터미널),1,149.1119369247840,59,동서울호텔앞,7,92.37896087752640,435,수셰프치킨 강변점,8,92.37896087752640,435,수셰프치킨 강변점,8,143.88224558560000,22,선경유치원,4,861.9657849259730,6,서울특별시 광진구 광장동(올림픽대교북단교차로 부근),0,1064,자양2동,127.0910640927800,37.53308684890030,8.0,52.0
98,127.09105917124400,37.53398818742240,409.97264770700500,9,강변(동서울터미널),1,117.41486177115700,59,동서울호텔앞,10,92.97903237211310,536,룸살롱,8,92.97903237211310,536,룸살롱,8,147.2962445192620,22,선경유치원,3,825.6097572171320,6,서울특별시 광진구 광장동(올림픽대교북단교차로 부근),0,1065,구의3동,127.09105917124400,37.53398818742240,10.0,46.0
99,127.09102963742500,37.539396215647500,498.6067732380100,9,강변(동서울터미널),0,116.55340765527700,22,광진우체국,12,106.99715630553200,448,욜로와,35,106.99715630553200,448,욜로와,35,52.90482219721410,58,우리티움아이어린이집,4,683.6187042023350,6,서울특별시 광진구 광장동(올림픽대교북단교차로 부근),0,1071,구의3동,127.09102963742500,37.539396215647500,1.0,43.0
100,127.09096562039600,37.55111359303330,139.5886571612130,2,아차산(어린이대공원후문),1,53.161641017928900,85,아차산역사거리,12,21.308527896874100,139,술통빠,31,21.308527896874100,139,술통빠,31,189.03788763637300,25,슬기유치원,1,248.6160963922930,0,서울특별시 광진구 구의동(슬기유치원앞 부근),0,1084,구의2동,127.09096562039600,37.55111359303330,1.0,20.0
101,127.09093606156900,37.55652160547140,349.68598861220800,2,아차산(어린이대공원후문),0,36.83946172248240,149,해오름공원입구,16,18.146645685773400,496,노랑통닭 아차산점,34,18.146645685773400,496,노랑통닭 아차산점,34,140.22916702718500,50,키즈용맹(구.하은)어린이집,1,248.21657435186300,2,서울특별시 광진구 중곡동(신성시장 부근),0,1090,중곡4동,127.09093606156900,37.55652160547140,3.0,19.0
102,127.09091142317700,37.56102827869450,639.7982327041420,2,아차산(어린이대공원후문),0,171.53292685409900,3,강원설비앞,17,252.93464868447700,305,빵구비어,15,252.93464868447700,305,빵구비어,15,165.18991101271500,50,키즈용맹(구.하은)어린이집,1,306.26333066731900,2,서울특별시 광진구 중곡동(신성시장 부근),0,1095,중곡4동,127.09091142317700,37.56102827869450,1.0,31.0
103,127.09220572751800,37.53128808500320,375.837396515715,9,강변(동서울터미널),1,222.50578454710300,59,동서울호텔앞,4,114.24191383671500,435,수셰프치킨 강변점,7,114.24191383671500,435,수셰프치킨 강변점,7,304.3641550742980,22,선경유치원,2,857.2305574202090,6,서울특별시 광진구 광장동(올림픽대교북단교차로 부근),0,1110,구의3동,127.09220572751800,37.53128808500320,11.0,40.0
104,127.09219591234300,37.533090762716200,307.6307843305060,9,강변(동서울터미널),1,102.11222972262100,59,동서울호텔앞,7,36.60235122623020,435,수셰프치킨 강변점,8,36.60235122623020,435,수셰프치킨 강변점,8,269.13897115919500,12,구남초등학교,2,768.0771937247340,6,서울특별시 광진구 광장동(올림픽대교북단교차로 부근),0,1112,구의3동,127.09219591234300,37.533090762716200,5.0,62.0
105,127.09208297495900,37.55382151660510,295.4171992720420,2,아차산(어린이대공원후문),1,137.24496994153900,141,지영슈퍼,9,88.7014487334929,157,"강정이기가막혀,웰덤치킨",34,88.7014487334929,157,"강정이기가막혀,웰덤치킨",34,133.05118355594000,25,슬기유치원,1,155.1602085073200,0,서울특별시 광진구 구의동(슬기유치원앞 부근),2,1135,구의2동,127.09208297495900,37.55382151660510,1.0,59.0
106,127.09207314884700,37.5556241873943,368.7460760034160,2,아차산(어린이대공원후문),1,103.45775496345600,149,해오름공원입구,16,28.11263421115690,326,먹태&노가리,36,28.11263421115690,326,먹태&노가리,36,226.09306880710000,50,키즈용맹(구.하은)어린이집,0,190.77780615014500,5,서울특별시 광진구 중곡동(유마트 부근),1,1137,중곡4동,127.09207314884700,37.5556241873943,6.0,41.0
107,127.0920682354630,37.55652552258120,413.8967414421870,2,아차산(어린이대공원후문),0,92.83518366710180,149,해오름공원입구,15,33.74911375454040,436,굽네치킨중곡4동,35,33.74911375454040,436,굽네치킨중곡4동,35,174.827402391343,50,키즈용맹(구.하은)어린이집,1,219.9203628353550,5,서울특별시 광진구 중곡동(유마트 부근),0,1138,중곡4동,127.0920682354630,37.55652552258120,4.0,56.0
108,127.09206332186,37.55742685762950,462.570134383529,2,아차산(어린이대공원후문),0,89.29812469554600,126,중곡4동어린이집입구,15,92.70587195810890,436,굽네치킨중곡4동,24,92.70587195810890,436,굽네치킨중곡4동,24,131.6631878255740,50,키즈용맹(구.하은)어린이집,1,260.1119485324680,5,서울특별시 광진구 중곡동(유마트 부근),0,1139,중곡4동,127.09206332186,37.55742685762950,4.0,45.0
109,127.09205349399700,37.5592295273107,566.8012502478410,2,아차산(어린이대공원후문),0,58.77141016375030,126,중곡4동어린이집입구,17,201.5711578000400,423,비비큐(BBQ) 아차산역점,13,201.5711578000400,423,비비큐(BBQ) 아차산역점,13,113.35082394905300,50,키즈용맹(구.하은)어린이집,1,358.0755751327790,5,서울특별시 광진구 중곡동(유마트 부근),0,1141,중곡4동,127.09205349399700,37.5592295273107,1.0,3.0
110,127.09322000726100,37.552924086751100,393.85519356250700,2,아차산(어린이대공원후문),1,21.848414413997500,72,성안약국,11,16.58020954514900,217,카스광장,31,16.58020954514900,217,카스광장,31,94.28863464707750,25,슬기유치원,1,48.52267737293900,0,서울특별시 광진구 구의동(슬기유치원앞 부근),2,1181,구의2동,127.09322000726100,37.552924086751100,1.0,33.0
111,127.09321510816700,37.5538254224798,410.3447580601400,2,아차산(어린이대공원후문),1,45.929922049277500,72,성안약국,9,41.96613637240130,350,노가리클럽,33,41.96613637240130,350,노가리클럽,33,140.92926255582400,25,슬기유치원,1,74.43505096438750,5,서울특별시 광진구 중곡동(유마트 부근),2,1182,구의2동,127.09321510816700,37.5538254224798,1.0,27.0
112,127.09321020885500,37.55472675807,434.7041539778010,2,아차산(어린이대공원후문),1,24.487059721015300,46,기원정사입구,12,21.721846074576100,88,아차산손두부,34,21.721846074576100,88,아차산손두부,34,195.3362059633740,25,슬기유치원,0,52.47929418433820,5,서울특별시 광진구 중곡동(유마트 부근),1,1183,구의2동,127.09321020885500,37.55472675807,1.0,47.0
113,127.0932053093250,37.555628093521700,465.70006524730700,2,아차산(어린이대공원후문),0,42.39741803304650,46,기원정사입구,10,69.67734370032150,88,아차산손두부,34,69.67734370032150,88,아차산손두부,34,252.5388480792890,25,슬기유치원,0,85.3945928481704,5,서울특별시 광진구 중곡동(유마트 부근),1,1184,중곡4동,127.0932053093250,37.555628093521700,5.0,49.0
114,127.09431792426300,37.559237329719500,716.9449448573270,2,아차산(어린이대공원후문),0,22.37966736410050,125,중곡4동경로당입구앞,9,303.4962475615420,331,언니네,8,303.4962475615420,331,언니네,8,359.61863197378000,50,키즈용맹(구.하은)어린이집,1,317.7035738914760,5,서울특별시 광진구 중곡동(유마트 부근),0,1236,중곡4동,127.09431792426300,37.559237329719500,5.0,23.0
115,127.09548424706300,37.55293186568410,642.5355161027320,2,아차산(어린이대공원후문),0,171.3167740719930,94,영화사입구,7,150.97137273049400,406,아따통닭,22,150.97137273049400,406,아따통닭,22,201.46012574829600,51,구의2동어린이집,2,231.04231437461500,5,서울특별시 광진구 중곡동(유마트 부근),0,1277,구의2동,127.09548424706300,37.55293186568410,3.0,49.0
116,127.09547937523700,37.55383320166440,652.6144828896530,2,아차산(어린이대공원후문),0,151.331756423976,94,영화사입구,5,121.41231577826200,504,언덕포차,23,121.41231577826200,504,언덕포차,23,249.76255934126900,40,영화유치원,1,207.50507609272000,5,서울특별시 광진구 중곡동(유마트 부근),1,1278,구의2동,127.09547937523700,37.55383320166440,1.0,40.0
117,127.0954745031940,37.55473453750630,668.0447435310510,2,아차산(어린이대공원후문),0,154.20206412237700,94,영화사입구,5,113.90597507361800,504,언덕포차,16,113.90597507361800,504,언덕포차,16,254.02430740718700,40,영화유치원,1,200.15293324380800,5,서울특별시 광진구 중곡동(유마트 부근),1,1279,구의2동,127.0954745031940,37.55473453750630,1.0,46.0
118,127.09544039281500,37.561043884521700,891.0733360262010,2,아차산(어린이대공원후문),0,21.93514774582040,49,긴고랑주차장,6,453.56820995481800,504,언덕포차,0,453.56820995481800,504,언덕포차,0,509.3168956317110,50,키즈용맹(구.하은)어린이집,0,473.4781502983760,5,서울특별시 광진구 중곡동(유마트 부근),0,1286,중곡4동,127.09544039281500,37.561043884521700,1.0,35.0
119,127.09656777562800,37.56194909369360,1023.9536433234100,2,아차산(어린이대공원후문),0,60.7047977303354,48,긴고랑종점,5,499.1445049125120,504,언덕포차,0,499.1445049125120,504,언덕포차,0,545.4520966227320,40,영화유치원,0,587.5895900116590,5,서울특별시 광진구 중곡동(유마트 부근),0,1336,중곡4동,127.09656777562800,37.56194909369360,3.0,47.0
120,127.09774848773300,37.5529396011987,826.3972276294590,8,광나루(장신대),0,410.57457466059900,94,영화사입구,3,175.6642463685400,504,언덕포차,9,175.6642463685400,504,언덕포차,9,74.83137595895520,40,영화유치원,2,467.0912774131150,5,서울특별시 광진구 중곡동(유마트 부근),0,1375,구의2동,127.09774848773300,37.5529396011987,1.0,54.0
121,127.10117846995800,37.54664176296070,280.99488826979300,8,광나루(장신대),1,141.83833269211100,16,광장중학교앞,6,172.05751403770200,124,멕시칸치킨,8,172.05751403770200,124,멕시칸치킨,8,31.431647086847500,64,재한몽골학교,2,315.64432191157400,1,서울특별시 광진구 광장동(광장사거리 부근),0,1510,광장동,127.10117846995800,37.54664176296070,1.0,46.0
122,127.1056970792740,37.54845964602610,317.81600963403700,8,광나루(장신대),1,82.25371630280450,114,장신대앞,9,141.70310950151800,494,썬더치킨,10,141.70310950151800,494,썬더치킨,10,51.95976911964620,32,광장유치원,1,359.0701838834720,1,서울특별시 광진구 광장동(광장사거리 부근),0,1644,광장동,127.1056970792740,37.54845964602610,1.0,29.0