법정동코드,시군구명,읍면동명,리명,계,남자,여자,0~9세 유아 인구,30~40대 부모 인구,시군명,구명
4111112900,수원시 장안구,파장동,,18545,9341,9204,1016,5181,수원시,장안구
4111113000,수원시 장안구,정자동,,94570,46361,48209,6588,28211,수원시,장안구
4111113100,수원시 장안구,이목동,,6178,3101,3077,386,1782,수원시,장안구
4111113200,수원시 장안구,율전동,,26840,14357,12483,1114,7004,수원시,장안구
4111113300,수원시 장안구,천천동,,29265,14962,14303,1701,7976,수원시,장안구
4111113400,수원시 장안구,영화동,,17987,9192,8795,494,4334,수원시,장안구
4111113500,수원시 장안구,송죽동,,18142,9009,9133,690,4953,수원시,장안구
4111113600,수원시 장안구,조원동,,45285,22255,23030,2058,11466,수원시,장안구
4111113700,수원시 장안구,연무동,,16527,8472,8055,606,4284,수원시,장안구
4111113800,수원시 장안구,상광교동,,210,117,93,6,32,수원시,장안구
4111113900,수원시 장안구,하광교동,,492,259,233,47,62,수원시,장안구
4111312600,수원시 권선구,세류동,,48977,25002,23975,1821,14011,수원시,권선구
4111312700,수원시 권선구,평동,,2336,1269,1067,94,684,수원시,권선구
4111312800,수원시 권선구,고색동,,15538,8057,7481,629,4113,수원시,권선구
4111312900,수원시 권선구,오목천동,,22815,11160,11655,1756,7051,수원시,권선구
4111313000,수원시 권선구,평리동,,63,48,15,2,25,수원시,권선구
4111313100,수원시 권선구,서둔동,,17735,8940,8795,873,5198,수원시,권선구
4111313200,수원시 권선구,구운동,,22686,11531,11155,856,5952,수원시,권선구
4111313300,수원시 권선구,탑동,,19511,10064,9447,755,5365,수원시,권선구
4111313400,수원시 권선구,금곡동,,44608,21883,22725,3107,13774,수원시,권선구
4111313500,수원시 권선구,호매실동,,44039,21764,22275,4555,15722,수원시,권선구
4111313600,수원시 권선구,곡반정동,,23671,13070,10601,1652,9860,수원시,권선구
4111313700,수원시 권선구,권선동,,80683,40233,40450,4830,25801,수원시,권선구
4111313800,수원시 권선구,장지동,,128,65,63,1,31,수원시,권선구
4111313900,수원시 권선구,대황교동,,33,23,10,0,9,수원시,권선구
4111314000,수원시 권선구,입북동,,7256,3703,3553,509,2221,수원시,권선구
4111314100,수원시 권선구,당수동,,12383,6261,6122,1138,4547,수원시,권선구
4111512000,수원시 팔달구,팔달로1가,,362,225,137,3,66,수원시,팔달구
4111512100,수원시 팔달구,팔달로2가,,234,164,70,3,48,수원시,팔달구
4111512200,수원시 팔달구,팔달로3가,,398,250,148,10,89,수원시,팔달구
4111512300,수원시 팔달구,남창동,,911,481,430,23,210,수원시,팔달구
4111512400,수원시 팔달구,영동,,158,85,73,3,22,수원시,팔달구
4111512500,수원시 팔달구,중동,,493,300,193,7,170,수원시,팔달구
4111512600,수원시 팔달구,구천동,,1198,606,592,11,370,수원시,팔달구
4111512700,수원시 팔달구,남수동,,1028,528,500,29,227,수원시,팔달구
4111512800,수원시 팔달구,매향동,,1324,645,679,53,295,수원시,팔달구
4111512900,수원시 팔달구,북수동,,1075,576,499,17,227,수원시,팔달구
4111513000,수원시 팔달구,신풍동,,1320,677,643,21,295,수원시,팔달구
4111513100,수원시 팔달구,장안동,,643,300,343,15,150,수원시,팔달구
4111513200,수원시 팔달구,교동,,1771,908,863,59,502,수원시,팔달구
4111513300,수원시 팔달구,매교동,,19933,10076,9857,2574,7988,수원시,팔달구
4111513400,수원시 팔달구,매산로1가,,961,639,322,8,307,수원시,팔달구
4111513500,수원시 팔달구,매산로2가,,5874,3222,2652,203,1710,수원시,팔달구
4111513600,수원시 팔달구,매산로3가,,3050,1591,1459,102,811,수원시,팔달구
4111513700,수원시 팔달구,고등동,,19186,9582,9604,1549,6341,수원시,팔달구
4111513800,수원시 팔달구,화서동,,45050,22008,23042,2253,11979,수원시,팔달구
4111513900,수원시 팔달구,지동,,9453,4817,4636,228,2111,수원시,팔달구
4111514000,수원시 팔달구,우만동,,34819,17447,17372,1295,9391,수원시,팔달구
4111514100,수원시 팔달구,인계동,,45070,22652,22418,2464,16135,수원시,팔달구
4111710100,수원시 영통구,매탄동,,78750,39741,39009,3719,23468,수원시,영통구
4111710200,수원시 영통구,원천동,,45512,22922,22590,4168,16850,수원시,영통구
4111710300,수원시 영통구,이의동,,53800,26307,27493,4110,19441,수원시,영통구
4111710400,수원시 영통구,하동,,28429,13678,14751,2525,10389,수원시,영통구
4111710500,수원시 영통구,영통동,,79746,40059,39687,5228,26964,수원시,영통구
4111710600,수원시 영통구,신동,,7946,4447,3499,452,3003,수원시,영통구
4111710700,수원시 영통구,망포동,,66503,33519,32984,7753,24739,수원시,영통구
4113110100,성남시 수정구,신흥동,,54600,27608,26992,3601,17331,성남시,수정구
4113110200,성남시 수정구,태평동,,50886,26118,24768,1412,13194,성남시,수정구
4113110300,성남시 수정구,수진동,,25602,13189,12413,655,6272,성남시,수정구
4113110400,성남시 수정구,단대동,,14303,7042,7261,684,3995,성남시,수정구
4113110500,성남시 수정구,산성동,,4520,2266,2254,184,1162,성남시,수정구
4113110600,성남시 수정구,양지동,,9047,4472,4575,297,2166,성남시,수정구
4113110700,성남시 수정구,복정동,,10242,5777,4465,378,3579,성남시,수정구
4113110800,성남시 수정구,창곡동,,45659,22108,23551,4330,15473,성남시,수정구
4113110900,성남시 수정구,신촌동,,685,348,337,36,176,성남시,수정구
4113111000,성남시 수정구,오야동,,763,375,388,33,188,성남시,수정구
4113111100,성남시 수정구,심곡동,,3062,1667,1395,367,1143,성남시,수정구
4113111200,성남시 수정구,고등동,,10868,5314,5554,1191,4211,성남시,수정구
4113111300,성남시 수정구,상적동,,833,409,424,25,205,성남시,수정구
4113111500,성남시 수정구,시흥동,,1707,915,792,56,658,성남시,수정구
4113111600,성남시 수정구,금토동,,809,419,390,17,276,성남시,수정구
4113111700,성남시 수정구,사송동,,903,483,420,50,264,성남시,수정구
4113310100,성남시 중원구,성남동,,32252,16857,15395,994,9888,성남시,중원구
4113310300,성남시 중원구,금광동,,43611,21449,22162,3250,14562,성남시,중원구
4113310400,성남시 중원구,은행동,,30760,15169,15591,1044,7895,성남시,중원구
4113310500,성남시 중원구,상대원동,,37943,19844,18099,1398,10285,성남시,중원구
4113310600,성남시 중원구,여수동,,10308,5026,5282,937,3914,성남시,중원구
4113310700,성남시 중원구,도촌동,,15092,7271,7821,915,3855,성남시,중원구
4113310800,성남시 중원구,갈현동,,578,302,276,24,138,성남시,중원구
4113310900,성남시 중원구,하대원동,,19201,9648,9553,975,5109,성남시,중원구
4113313200,성남시 중원구,중앙동,,16667,8478,8189,1373,5451,성남시,중원구
4113510100,성남시 분당구,분당동,,24408,12035,12373,1449,6921,성남시,분당구
4113510200,성남시 분당구,수내동,,41589,20187,21402,2830,12996,성남시,분당구
4113510300,성남시 분당구,정자동,,75078,36176,38902,4233,24317,성남시,분당구
4113510400,성남시 분당구,율동,,1143,564,579,119,405,성남시,분당구
4113510500,성남시 분당구,서현동,,47121,23013,24108,2781,14060,성남시,분당구
4113510600,성남시 분당구,이매동,,37792,18493,19299,2609,10669,성남시,분당구
4113510700,성남시 분당구,야탑동,,58475,28516,29959,3549,17741,성남시,분당구
4113510800,성남시 분당구,판교동,,22608,11076,11532,2314,7510,성남시,분당구
4113510900,성남시 분당구,삼평동,,23747,11520,12227,2075,7658,성남시,분당구
4113511000,성남시 분당구,백현동,,30380,14605,15775,2092,8854,성남시,분당구
4113511100,성남시 분당구,금곡동,,24739,11638,13101,1486,7539,성남시,분당구
4113511200,성남시 분당구,궁내동,,2172,1068,1104,93,574,성남시,분당구
4113511300,성남시 분당구,동원동,,657,347,310,17,179,성남시,분당구
4113511400,성남시 분당구,구미동,,43675,20806,22869,2423,12957,성남시,분당구
4113511500,성남시 분당구,운중동,,20644,10039,10605,1684,6447,성남시,분당구
4113511600,성남시 분당구,대장동,,16366,8042,8324,2459,6724,성남시,분당구
4113511700,성남시 분당구,석운동,,237,116,121,5,44,성남시,분당구
4113511800,성남시 분당구,하산운동,,75,28,47,11,23,성남시,분당구
4115010100,의정부시,의정부동,,63596,31918,31678,3168,20121,의정부시,
4115010200,의정부시,호원동,,66153,31892,34261,2934,16265,의정부시,
4115010300,의정부시,장암동,,18518,8826,9692,908,4615,의정부시,
4115010400,의정부시,신곡동,,85627,41587,44040,4632,21882,의정부시,
4115010500,의정부시,용현동,,30402,14843,15559,1847,8250,의정부시,
4115010600,의정부시,민락동,,50031,24649,25382,4002,15201,의정부시,
4115010700,의정부시,낙양동,,25793,12383,13410,2143,7995,의정부시,
4115010800,의정부시,자일동,,314,173,141,12,52,의정부시,
4115010900,의정부시,금오동,,24842,12112,12730,1254,6082,의정부시,
4115011000,의정부시,가능동,,47910,24186,23724,2248,12076,의정부시,
4115011100,의정부시,녹양동,,19394,9596,9798,804,4679,의정부시,
4115011200,의정부시,고산동,,9621,4852,4769,931,3702,의정부시,
4115011300,의정부시,산곡동,,19320,9597,9723,3297,8031,의정부시,
4117110100,안양시 만안구,안양동,,139072,69338,69734,7753,41176,안양시,만안구
4117110200,안양시 만안구,석수동,,59244,29485,29759,2979,15390,안양시,만안구
4117110300,안양시 만안구,박달동,,33970,16960,17010,1887,9094,안양시,만안구
4117310100,안양시 동안구,비산동,,86112,41551,44561,6418,26804,안양시,동안구
4117310200,안양시 동안구,관양동,,76600,37711,38889,3761,23391,안양시,동안구
4117310300,안양시 동안구,평촌동,,53233,26108,27125,4100,16458,안양시,동안구
4117310400,안양시 동안구,호계동,,111768,54988,56780,8891,35432,안양시,동안구
4119210100,부천시 원미구,원미동,,27876,13940,13936,1184,7224,부천시,원미구
4119210200,부천시 원미구,심곡동,,41053,21238,19815,1561,12373,부천시,원미구
4119210300,부천시 원미구,춘의동,,13691,6833,6858,595,3780,부천시,원미구
4119210400,부천시 원미구,도당동,,20587,10437,10150,847,5142,부천시,원미구
4119210500,부천시 원미구,약대동,,16681,8333,8348,1168,4901,부천시,원미구
4119210600,부천시 원미구,소사동,,5931,2818,3113,141,1384,부천시,원미구
4119210700,부천시 원미구,역곡동,,33026,16145,16881,1404,8759,부천시,원미구
4119210800,부천시 원미구,중동,,130641,62588,68053,7653,40560,부천시,원미구
4119210900,부천시 원미구,상동,,99312,48437,50875,6482,29549,부천시,원미구
4119410100,부천시 소사구,소사본동,,52808,25903,26905,2786,14298,부천시,소사구
4119410200,부천시 소사구,심곡본동,,30174,15007,15167,924,7757,부천시,소사구
4119410300,부천시 소사구,범박동,,30407,14906,15501,3193,10454,부천시,소사구
4119410400,부천시 소사구,괴안동,,40406,19549,20857,1942,11201,부천시,소사구
4119410500,부천시 소사구,송내동,,44305,21645,22660,2190,12286,부천시,소사구
4119410600,부천시 소사구,옥길동,,29100,14379,14721,3022,10637,부천시,소사구
4119410700,부천시 소사구,계수동,,5,5,0,0,0,부천시,소사구
4119610100,부천시 오정구,오정동,,20746,10810,9936,985,5729,부천시,오정구
4119610200,부천시 오정구,여월동,,18845,9250,9595,833,4416,부천시,오정구
4119610300,부천시 오정구,작동,,9526,4818,4708,398,2325,부천시,오정구
4119610400,부천시 오정구,원종동,,47345,23557,23788,1748,11869,부천시,오정구
4119610500,부천시 오정구,고강동,,37887,18923,18964,1271,9403,부천시,오정구
4119610600,부천시 오정구,대장동,,320,167,153,5,58,부천시,오정구
4119610700,부천시 오정구,삼정동,,8107,4378,3729,343,2094,부천시,오정구
4119610800,부천시 오정구,내동,,8575,4447,4128,376,2353,부천시,오정구
4121010100,광명시,광명동,,73538,35936,37602,4400,21557,광명시,
4121010200,광명시,철산동,,60921,30064,30857,4121,17899,광명시,
4121010300,광명시,하안동,,68024,32828,35196,3909,20089,광명시,
4121010400,광명시,소하동,,55223,27008,28215,3100,14512,광명시,
4121010500,광명시,노온사동,,1004,561,443,18,185,광명시,
4121010600,광명시,일직동,,21498,10706,10792,1980,8194,광명시,
4121010700,광명시,가학동,,708,394,314,14,136,광명시,
4121010800,광명시,옥길동,,563,311,252,13,93,광명시,
4122010100,평택시,서정동,,34515,18441,16074,1254,9763,평택시,
4122010200,평택시,장당동,,9698,5232,4466,588,2827,평택시,
4122010300,평택시,모곡동,,384,272,112,5,120,평택시,
4122010400,평택시,칠괴동,,1183,717,466,47,353,평택시,
4122010500,평택시,칠원동,,13051,6572,6479,2012,5925,평택시,
4122010600,평택시,도일동,,744,418,326,22,141,평택시,
4122010700,평택시,가재동,,2475,1385,1090,106,663,평택시,
4122010800,평택시,장안동,,5718,2858,2860,401,1591,평택시,
4122010900,평택시,이충동,,23594,11974,11620,958,5788,평택시,
4122011000,평택시,지산동,,22174,11684,10490,989,6575,평택시,
4122011100,평택시,독곡동,,8016,3984,4032,354,1973,평택시,
4122011200,평택시,신장동,,14310,7795,6515,619,4574,평택시,
4122011300,평택시,평택동,,5294,3020,2274,103,1531,평택시,
4122011400,평택시,통복동,,9741,5104,4637,520,2855,평택시,
4122011500,평택시,군문동,,3552,1758,1794,126,973,평택시,
4122011600,평택시,유천동,,642,349,293,17,133,평택시,
4122011700,평택시,합정동,,16063,8435,7628,532,4147,평택시,
4122011800,평택시,비전동,,57543,28540,29003,3030,15789,평택시,
4122011900,평택시,동삭동,,45530,23759,21771,5807,19380,평택시,
4122012000,평택시,세교동,,30028,15064,14964,2628,9300,평택시,
4122012100,평택시,지제동,,5969,3123,2846,721,2232,평택시,
4122012200,평택시,신대동,,1231,774,457,23,398,평택시,
4122012300,평택시,소사동,,13845,6798,7047,1630,5028,평택시,
4122012400,평택시,용이동,,41516,21621,19895,4666,15431,평택시,
4122012500,평택시,월곡동,,527,281,246,21,108,평택시,
4122012600,평택시,청룡동,,418,231,187,15,71,평택시,
4122012700,평택시,죽백동,,19024,9490,9534,2124,6831,평택시,
4122012800,평택시,고덕동,,54767,28976,25791,8775,25704,평택시,
4122025000,평택시,팽성읍,,14,7,7,0,2,평택시,
4122025021,평택시,팽성읍,객사리,4054,2298,1756,157,1185,평택시,
4122025022,평택시,팽성읍,남산리,1460,822,638,74,398,평택시,
4122025023,평택시,팽성읍,추팔리,452,263,189,8,110,평택시,
4122025024,평택시,팽성읍,노와리,701,360,341,21,128,평택시,
4122025025,평택시,팽성읍,평궁리,652,336,316,22,124,평택시,
4122025026,평택시,팽성읍,신궁리,301,163,138,1,40,평택시,
4122025027,평택시,팽성읍,두리,604,332,272,24,132,평택시,
4122025028,평택시,팽성읍,신호리,142,70,72,5,21,평택시,
4122025029,평택시,팽성읍,근내리,1174,603,571,75,296,평택시,
4122025030,평택시,팽성읍,석봉리,146,76,70,4,25,평택시,
4122025031,평택시,팽성읍,원정리,382,198,184,36,102,평택시,
4122025032,평택시,팽성읍,도두리,106,59,47,1,14,평택시,
4122025033,평택시,팽성읍,함정리,179,94,85,4,31,평택시,
4122025034,평택시,팽성읍,신대리,549,290,259,5,87,평택시,
4122025035,평택시,팽성읍,본정리,519,271,248,10,114,평택시,
4122025036,평택시,팽성읍,노양리,228,123,105,9,35,평택시,
4122025037,평택시,팽성읍,노성리,149,82,67,3,23,평택시,
4122025038,평택시,팽성읍,두정리,642,328,314,10,110,평택시,
4122025039,평택시,팽성읍,석근리,299,164,135,13,73,평택시,
4122025040,평택시,팽성읍,대사리,436,234,202,31,99,평택시,
4122025041,평택시,팽성읍,안정리,5712,2906,2806,302,1364,평택시,
4122025042,평택시,팽성읍,동창리,188,80,108,7,57,평택시,
4122025043,평택시,팽성읍,내리,130,54,76,6,24,평택시,
4122025045,평택시,팽성읍,송화리,8196,4170,4026,480,2049,평택시,
4122025321,평택시,안중읍,안중리,5809,3468,2341,222,2038,평택시,
4122025322,평택시,안중읍,학현리,2914,1495,1419,119,966,평택시,
4122025323,평택시,안중읍,금곡리,1889,1043,846,58,459,평택시,
4122025324,평택시,안중읍,대반리,656,355,301,18,113,평택시,
4122025325,평택시,안중읍,삼정리,211,107,104,5,30,평택시,
4122025326,평택시,안중읍,용성리,268,142,126,1,33,평택시,
4122025327,평택시,안중읍,덕우리,338,182,156,3,61,평택시,
4122025328,평택시,안중읍,성해리,179,95,84,1,25,평택시,
4122025329,평택시,안중읍,송담리,6812,3551,3261,680,2423,평택시,
4122025330,평택시,안중읍,현화리,24069,12080,11989,1410,6336,평택시,
4122025621,평택시,포승읍,내기리,2059,1115,944,96,519,평택시,
4122025622,평택시,포승읍,도곡리,6940,4313,2627,361,2509,평택시,
4122025623,평택시,포승읍,원정리,6465,4166,2299,414,2424,평택시,
4122025624,평택시,포승읍,만호리,2273,1565,708,46,813,평택시,
4122025625,평택시,포승읍,희곡리,668,445,223,8,194,평택시,
4122025626,평택시,포승읍,신영리,518,295,223,8,73,평택시,
4122025627,평택시,포승읍,방림리,1049,568,481,41,231,평택시,
4122025628,평택시,포승읍,석정리,1890,1113,777,62,508,평택시,
4122025629,평택시,포승읍,홍원리,724,377,347,8,81,평택시,
4122025921,평택시,청북읍,현곡리,797,505,292,15,187,평택시,
4122025922,평택시,청북읍,삼계리,409,231,178,11,69,평택시,
4122025923,평택시,청북읍,고잔리,647,361,286,12,85,평택시,
4122025924,평택시,청북읍,옥길리,20739,10894,9845,2402,8096,평택시,
4122025925,평택시,청북읍,후사리,373,201,172,10,67,평택시,
4122025926,평택시,청북읍,토진리,470,259,211,8,68,평택시,
4122025927,평택시,청북읍,백봉리,253,140,113,0,34,평택시,
4122025928,평택시,청북읍,어연리,802,534,268,4,279,평택시,
4122025929,평택시,청북읍,율북리,347,199,148,4,57,평택시,
4122025930,평택시,청북읍,한산리,523,347,176,12,146,평택시,
4122025931,평택시,청북읍,어소리,272,146,126,7,39,평택시,
4122025932,평택시,청북읍,고렴리,429,265,164,7,62,평택시,
4122031021,평택시,진위면,봉남리,1236,714,522,31,264,평택시,
4122031022,평택시,진위면,마산리,634,334,300,33,142,평택시,
4122031023,평택시,진위면,은산리,592,311,281,8,88,평택시,
4122031024,평택시,진위면,동천리,491,273,218,7,73,평택시,
4122031025,평택시,진위면,고현리,45,23,22,1,11,평택시,
4122031026,평택시,진위면,청호리,418,330,88,3,179,평택시,
4122031027,평택시,진위면,갈곶리,1352,750,602,59,430,평택시,
4122031028,평택시,진위면,야막리,244,138,106,6,41,평택시,
4122031029,평택시,진위면,가곡리,1659,935,724,50,466,평택시,
4122031030,평택시,진위면,견산리,2510,1358,1152,56,696,평택시,
4122031031,평택시,진위면,하북리,1061,567,494,25,193,평택시,
4122031032,평택시,진위면,신리,444,242,202,15,70,평택시,
4122032021,평택시,서탄면,금암리,658,377,281,15,130,평택시,
4122032022,평택시,서탄면,사리,273,145,128,5,43,평택시,
4122032023,평택시,서탄면,수월암리,554,330,224,13,122,평택시,
4122032024,평택시,서탄면,내천리,508,281,227,9,94,평택시,
4122032025,평택시,서탄면,마두리,441,231,210,6,69,평택시,
4122032026,평택시,서탄면,회화리,221,109,112,0,38,평택시,
4122032027,평택시,서탄면,적봉리,56,27,29,0,9,평택시,
4122032028,평택시,서탄면,장등리,486,275,211,24,139,평택시,
4122032029,평택시,서탄면,금각리,226,127,99,15,63,평택시,
4122032030,평택시,서탄면,황구지리,3,3,0,0,0,평택시,
4122033021,평택시,고덕면,당현리,1042,627,415,39,283,평택시,
4122033022,평택시,고덕면,두릉리,562,306,256,23,145,평택시,
4122033023,평택시,고덕면,문곡리,502,279,223,6,86,평택시,
4122033024,평택시,고덕면,동청리,281,149,132,7,44,평택시,
4122033025,평택시,고덕면,해창리,572,318,254,16,120,평택시,
4122033026,평택시,고덕면,궁리,7893,4116,3777,659,2835,평택시,
4122033027,평택시,고덕면,동고리,803,488,315,10,211,평택시,
4122033028,평택시,고덕면,방축리,1125,651,474,28,258,평택시,
4122033029,평택시,고덕면,여염리,1,0,1,0,0,평택시,
4122033031,평택시,고덕면,좌교리,60,34,26,1,10,평택시,
4122034021,평택시,오성면,숙성리,2333,1213,1120,82,501,평택시,
4122034022,평택시,오성면,교포리,343,183,160,10,70,평택시,
4122034023,평택시,오성면,신리,494,267,227,11,76,평택시,
4122034024,평택시,오성면,안화리,307,152,155,0,53,평택시,
4122034025,평택시,오성면,양교리,486,277,209,5,83,평택시,
4122034026,평택시,오성면,죽리,1280,713,567,58,287,평택시,
4122034027,평택시,오성면,길음리,326,176,150,10,53,평택시,
4122034028,평택시,오성면,당거리,251,139,112,6,38,평택시,
4122034029,평택시,오성면,창내리,389,206,183,6,62,평택시,
4122037021,평택시,현덕면,도대리,423,239,184,15,80,평택시,
4122037022,평택시,현덕면,운정리,269,135,134,9,47,평택시,
4122037023,평택시,현덕면,화양리,120,64,56,0,18,평택시,
4122037024,평택시,현덕면,황산리,318,156,162,5,45,평택시,
4122037025,평택시,현덕면,인광리,2086,1135,951,158,615,평택시,
4122037026,평택시,현덕면,덕목리,531,289,242,12,82,평택시,
4122037027,평택시,현덕면,신왕리,141,73,68,4,14,평택시,
4122037028,평택시,현덕면,대안리,391,211,180,6,49,평택시,
4122037029,평택시,현덕면,기산리,312,176,136,6,38,평택시,
4122037030,평택시,현덕면,권관리,660,342,318,11,108,평택시,
4122037031,평택시,현덕면,장수리,262,136,126,1,31,평택시,
4122037032,평택시,현덕면,방축리,146,83,63,0,8,평택시,
4125010100,동두천시,송내동,,10350,5007,5343,428,2477,동두천시,
4125010200,동두천시,지행동,,26360,12870,13490,1596,7023,동두천시,
4125010300,동두천시,생연동,,32048,15918,16130,1213,6748,동두천시,
4125010400,동두천시,광암동,,1331,723,608,22,210,동두천시,
4125010500,동두천시,걸산동,,91,54,37,2,9,동두천시,
4125010600,동두천시,보산동,,2529,1258,1271,73,482,동두천시,
4125010700,동두천시,동두천동,,4703,2451,2252,198,1024,동두천시,
4125010800,동두천시,안흥동,,612,326,286,3,82,동두천시,
4125010900,동두천시,상봉암동,,2140,1117,1023,60,428,동두천시,
4125011000,동두천시,하봉암동,,867,496,371,16,140,동두천시,
4125011100,동두천시,탑동동,,951,487,464,28,143,동두천시,
4125011200,동두천시,상패동,,4703,2532,2171,202,1040,동두천시,
4127110100,안산시 상록구,일동,,25745,13300,12445,1096,7060,안산시,상록구
4127110200,안산시 상록구,이동,,19270,10429,8841,614,5607,안산시,상록구
4127110300,안산시 상록구,사동,,99001,50507,48494,5897,27768,안산시,상록구
4127110400,안산시 상록구,본오동,,73933,37349,36584,2960,19403,안산시,상록구
4127110500,안산시 상록구,팔곡이동,,2831,1501,1330,98,659,안산시,상록구
4127110600,안산시 상록구,양상동,,319,174,145,2,55,안산시,상록구
4127110700,안산시 상록구,부곡동,,25393,13091,12302,1123,6266,안산시,상록구
4127110800,안산시 상록구,성포동,,24423,11934,12489,1176,6075,안산시,상록구
4127110900,안산시 상록구,월피동,,29782,15198,14584,1257,7732,안산시,상록구
4127111000,안산시 상록구,팔곡일동,,1682,835,847,20,256,안산시,상록구
4127111100,안산시 상록구,건건동,,12837,6459,6378,653,3405,안산시,상록구
4127111200,안산시 상록구,사사동,,2000,1044,956,61,360,안산시,상록구
4127111300,안산시 상록구,수암동,,6010,3116,2894,206,1380,안산시,상록구
4127111400,안산시 상록구,장상동,,2162,1158,1004,75,480,안산시,상록구
4127111500,안산시 상록구,장하동,,166,103,63,7,37,안산시,상록구
4127310100,안산시 단원구,고잔동,,86164,43062,43102,4751,24515,안산시,단원구
4127310200,안산시 단원구,와동,,35587,18967,16620,1757,10168,안산시,단원구
4127310300,안산시 단원구,신길동,,20737,11149,9588,981,5545,안산시,단원구
4127310400,안산시 단원구,성곡동,,737,598,139,7,345,안산시,단원구
4127310500,안산시 단원구,원시동,,818,584,234,0,363,안산시,단원구
4127310600,안산시 단원구,목내동,,93,81,12,0,40,안산시,단원구
4127310700,안산시 단원구,초지동,,43570,21876,21694,2861,13245,안산시,단원구
4127310800,안산시 단원구,원곡동,,29346,15053,14293,2006,8705,안산시,단원구
4127310900,안산시 단원구,선부동,,65866,34096,31770,3690,19388,안산시,단원구
4127311000,안산시 단원구,대부동동,,2161,1104,1057,70,364,안산시,단원구
4127311100,안산시 단원구,대부북동,,2860,1499,1361,100,497,안산시,단원구
4127311200,안산시 단원구,대부남동,,3259,1646,1613,90,588,안산시,단원구
4127311300,안산시 단원구,선감동,,716,367,349,9,104,안산시,단원구
4127311400,안산시 단원구,풍도동,,147,83,64,1,18,안산시,단원구
4127311500,안산시 단원구,화정동,,348,188,160,10,56,안산시,단원구
4128110100,고양시 덕양구,주교동,,13839,7110,6729,440,3198,고양시,덕양구
4128110200,고양시 덕양구,원당동,,1176,648,528,72,319,고양시,덕양구
4128110300,고양시 덕양구,신원동,,21222,10013,11209,1952,6756,고양시,덕양구
4128110400,고양시 덕양구,원흥동,,24707,11382,13325,1625,8630,고양시,덕양구
4128110500,고양시 덕양구,도내동,,24964,12302,12662,2195,8928,고양시,덕양구
4128110600,고양시 덕양구,성사동,,31508,15495,16013,1431,8270,고양시,덕양구
4128110700,고양시 덕양구,북한동,,22,14,8,0,3,고양시,덕양구
4128110800,고양시 덕양구,효자동,,442,227,215,14,79,고양시,덕양구
4128110900,고양시 덕양구,지축동,,26579,13005,13574,3872,10605,고양시,덕양구
4128111000,고양시 덕양구,오금동,,6490,3232,3258,846,2641,고양시,덕양구
4128111100,고양시 덕양구,삼송동,,22362,10445,11917,1529,7979,고양시,덕양구
4128111200,고양시 덕양구,동산동,,21426,10311,11115,2348,9078,고양시,덕양구
4128111300,고양시 덕양구,용두동,,1677,937,740,40,343,고양시,덕양구
4128111400,고양시 덕양구,벽제동,,2095,1103,992,58,480,고양시,덕양구
4128111500,고양시 덕양구,선유동,,504,266,238,11,79,고양시,덕양구
4128111600,고양시 덕양구,고양동,,22967,11390,11577,1120,5478,고양시,덕양구
4128111700,고양시 덕양구,대자동,,2650,1403,1247,64,511,고양시,덕양구
4128111800,고양시 덕양구,관산동,,17786,8968,8818,558,3872,고양시,덕양구
4128111900,고양시 덕양구,내유동,,15532,7927,7605,648,3825,고양시,덕양구
4128112000,고양시 덕양구,토당동,,27071,13987,13084,1270,7179,고양시,덕양구
4128112100,고양시 덕양구,내곡동,,969,510,459,29,229,고양시,덕양구
4128112200,고양시 덕양구,대장동,,1858,981,877,47,488,고양시,덕양구
4128112300,고양시 덕양구,화정동,,66554,32107,34447,3001,17668,고양시,덕양구
4128112400,고양시 덕양구,강매동,,490,276,214,10,111,고양시,덕양구
4128112500,고양시 덕양구,행주내동,,720,397,323,25,143,고양시,덕양구
4128112600,고양시 덕양구,행주외동,,472,237,235,9,85,고양시,덕양구
4128112700,고양시 덕양구,신평동,,134,68,66,1,28,고양시,덕양구
4128112800,고양시 덕양구,행신동,,90854,44071,46783,4104,23995,고양시,덕양구
4128112900,고양시 덕양구,화전동,,4035,2290,1745,353,1147,고양시,덕양구
4128113000,고양시 덕양구,현천동,,1281,730,551,42,281,고양시,덕양구
4128113100,고양시 덕양구,덕은동,,16135,8082,8053,2359,6427,고양시,덕양구
4128113200,고양시 덕양구,향동동,,23014,11216,11798,2925,9438,고양시,덕양구
4128510100,고양시 일산동구,식사동,,40706,19828,20878,3415,11742,고양시,일산동구
4128510200,고양시 일산동구,중산동,,43587,20953,22634,2228,10677,고양시,일산동구
4128510300,고양시 일산동구,정발산동,,21386,10356,11030,785,5530,고양시,일산동구
4128510400,고양시 일산동구,장항동,,43099,21260,21839,3241,16439,고양시,일산동구
4128510500,고양시 일산동구,마두동,,38028,18034,19994,1848,9573,고양시,일산동구
4128510600,고양시 일산동구,백석동,,48859,23298,25561,2096,14521,고양시,일산동구
4128510700,고양시 일산동구,풍동,,36186,17347,18839,2155,9427,고양시,일산동구
4128510800,고양시 일산동구,산황동,,513,265,248,15,105,고양시,일산동구
4128510900,고양시 일산동구,사리현동,,6103,3190,2913,280,1413,고양시,일산동구
4128511000,고양시 일산동구,지영동,,758,438,320,7,125,고양시,일산동구
4128511100,고양시 일산동구,설문동,,2644,1408,1236,102,579,고양시,일산동구
4128511200,고양시 일산동구,문봉동,,1941,1040,901,84,451,고양시,일산동구
4128511300,고양시 일산동구,성석동,,9782,5071,4711,477,2646,고양시,일산동구
4128710100,고양시 일산서구,일산동,,77300,37414,39886,4170,19992,고양시,일산서구
4128710200,고양시 일산서구,주엽동,,53070,24748,28322,2631,13565,고양시,일산서구
4128710300,고양시 일산서구,탄현동,,48306,23500,24806,3136,13280,고양시,일산서구
4128710400,고양시 일산서구,대화동,,53019,25869,27150,2774,15064,고양시,일산서구
4128710500,고양시 일산서구,덕이동,,30841,15100,15741,1990,8093,고양시,일산서구
4128710600,고양시 일산서구,가좌동,,16637,8119,8518,816,3814,고양시,일산서구
4128710700,고양시 일산서구,구산동,,1745,950,795,25,313,고양시,일산서구
4128710800,고양시 일산서구,법곳동,,1247,670,577,24,248,고양시,일산서구
4129010100,과천시,관문동,,95,50,45,7,31,과천시,
4129010200,과천시,문원동,,6466,3140,3326,272,1564,과천시,
4129010300,과천시,갈현동,,18696,9149,9547,3479,7126,과천시,
4129010400,과천시,막계동,,104,55,49,8,26,과천시,
4129010500,과천시,과천동,,5065,2577,2488,293,1403,과천시,
4129010600,과천시,주암동,,1110,603,507,51,355,과천시,
4129010700,과천시,중앙동,,11222,5396,5826,777,3054,과천시,
4129010800,과천시,원문동,,14310,6891,7419,1566,4413,과천시,
4129010900,과천시,별양동,,16325,7967,8358,1426,4948,과천시,
4129011000,과천시,부림동,,11944,5800,6144,914,3550,과천시,
4131010100,구리시,갈매동,,30409,14950,15459,3104,10921,구리시,
4131010200,구리시,사노동,,1072,588,484,24,213,구리시,
4131010300,구리시,인창동,,56684,27528,29156,3261,15546,구리시,
4131010400,구리시,교문동,,36865,18332,18533,1593,9693,구리시,
4131010500,구리시,수택동,,47002,23308,23694,2078,13022,구리시,
4131010600,구리시,아천동,,1775,867,908,94,511,구리시,
4131010700,구리시,토평동,,12797,6780,6017,586,3394,구리시,
4136010100,남양주시,호평동,,55648,27047,28601,4243,16483,남양주시,
4136010200,남양주시,평내동,,37413,18331,19082,2531,10795,남양주시,
4136010300,남양주시,금곡동,,17116,8734,8382,384,3719,남양주시,
4136010400,남양주시,일패동,,1144,677,467,19,200,남양주시,
4136010500,남양주시,이패동,,785,471,314,40,203,남양주시,
4136010600,남양주시,삼패동,,417,237,180,13,88,남양주시,
4136010800,남양주시,수석동,,371,213,158,17,80,남양주시,
4136010900,남양주시,지금동,,3,2,1,0,1,남양주시,
4136011000,남양주시,도농동,,3,2,1,0,1,남양주시,
4136011100,남양주시,별내동,,82811,40145,42666,6921,27109,남양주시,
4136011200,남양주시,다산동,,141504,69007,72497,15034,50237,남양주시,
4136025000,남양주시,와부읍,,3,1,2,0,1,남양주시,
4136025021,남양주시,와부읍,덕소리,36056,17536,18520,1706,8834,남양주시,
4136025022,남양주시,와부읍,도곡리,18710,9135,9575,936,4523,남양주시,
4136025023,남양주시,와부읍,팔당리,617,340,277,7,106,남양주시,
4136025024,남양주시,와부읍,월문리,1905,1080,825,86,506,남양주시,
4136025025,남양주시,와부읍,율석리,795,439,356,23,149,남양주시,
4136025300,남양주시,진접읍,,1,1,0,0,0,남양주시,
4136025321,남양주시,진접읍,장현리,27119,13441,13678,1291,6727,남양주시,
4136025322,남양주시,진접읍,내각리,6759,3531,3228,177,1423,남양주시,
4136025323,남양주시,진접읍,내곡리,855,488,367,7,152,남양주시,
4136025324,남양주시,진접읍,연평리,2524,1311,1213,92,586,남양주시,
4136025325,남양주시,진접읍,부평리,15094,7595,7499,1375,4676,남양주시,
4136025326,남양주시,진접읍,팔야리,2459,1368,1091,71,538,남양주시,
4136025327,남양주시,진접읍,진벌리,3135,1661,1474,179,827,남양주시,
4136025328,남양주시,진접읍,금곡리,37340,18475,18865,2558,10256,남양주시,
4136025600,남양주시,화도읍,,1,1,0,0,1,남양주시,
4136025621,남양주시,화도읍,마석우리,22893,11528,11365,1195,6070,남양주시,
4136025622,남양주시,화도읍,묵현리,34431,16972,17459,1733,8758,남양주시,
4136025623,남양주시,화도읍,가곡리,6318,3209,3109,324,1566,남양주시,
4136025624,남양주시,화도읍,구암리,845,439,406,17,152,남양주시,
4136025625,남양주시,화도읍,금남리,1294,696,598,27,248,남양주시,
4136025626,남양주시,화도읍,답내리,3030,1561,1469,231,890,남양주시,
4136025627,남양주시,화도읍,월산리,7832,3868,3964,690,2408,남양주시,
4136025628,남양주시,화도읍,창현리,18415,9141,9274,949,4611,남양주시,
4136025629,남양주시,화도읍,녹촌리,12964,6459,6505,1273,4219,남양주시,
4136025630,남양주시,화도읍,차산리,4202,2211,1991,258,1182,남양주시,
4136025921,남양주시,진건읍,사능리,2634,1421,1213,48,549,남양주시,
4136025922,남양주시,진건읍,배양리,675,369,306,18,108,남양주시,
4136025923,남양주시,진건읍,진관리,1457,784,673,35,267,남양주시,
4136025924,남양주시,진건읍,신월리,1099,575,524,38,230,남양주시,
4136025925,남양주시,진건읍,용정리,12428,6287,6141,415,2807,남양주시,
4136025926,남양주시,진건읍,송능리,1823,947,876,27,322,남양주시,
4136026200,남양주시,오남읍,,1,1,0,0,0,남양주시,
4136026221,남양주시,오남읍,양지리,16558,8265,8293,747,4119,남양주시,
4136026222,남양주시,오남읍,팔현리,525,284,241,10,70,남양주시,
4136026223,남양주시,오남읍,오남리,33972,16892,17080,1572,8371,남양주시,
4136026521,남양주시,퇴계원읍,퇴계원리,26843,13293,13550,1060,6302,남양주시,
4136031021,남양주시,별내면,청학리,17003,8466,8537,668,3659,남양주시,
4136031022,남양주시,별내면,용암리,388,203,185,6,58,남양주시,
4136031023,남양주시,별내면,광전리,637,344,293,16,139,남양주시,
4136034021,남양주시,수동면,운수리,1539,757,782,29,231,남양주시,
4136034022,남양주시,수동면,지둔리,653,326,327,11,113,남양주시,
4136034023,남양주시,수동면,수산리,770,377,393,18,117,남양주시,
4136034024,남양주시,수동면,내방리,941,468,473,16,144,남양주시,
4136034025,남양주시,수동면,외방리,1350,726,624,22,231,남양주시,
4136034026,남양주시,수동면,입석리,2155,1176,979,71,419,남양주시,
4136034027,남양주시,수동면,송천리,1103,620,483,26,197,남양주시,
4136036021,남양주시,조안면,능내리,805,416,389,24,167,남양주시,
4136036022,남양주시,조안면,조안리,527,287,240,12,114,남양주시,
4136036023,남양주시,조안면,진중리,424,224,200,12,65,남양주시,
4136036024,남양주시,조안면,송촌리,701,355,346,22,142,남양주시,
4136036025,남양주시,조안면,삼봉리,851,426,425,22,142,남양주시,
4136036026,남양주시,조안면,시우리,464,236,228,10,79,남양주시,
4137010100,오산시,오산동,,17869,9323,8546,699,4677,오산시,
4137010200,오산시,부산동,,19474,9676,9798,1939,6817,오산시,
4137010300,오산시,원동,,43840,22632,21208,3250,14832,오산시,
4137010400,오산시,궐동,,25960,14833,11127,2260,11369,오산시,
4137010500,오산시,청학동,,3150,1814,1336,94,1251,오산시,
4137010600,오산시,가장동,,471,288,183,5,105,오산시,
4137010700,오산시,금암동,,21317,10346,10971,1503,6649,오산시,
4137010800,오산시,수청동,,16049,8224,7825,1072,5403,오산시,
4137010900,오산시,은계동,,4394,2346,2048,182,1258,오산시,
4137011000,오산시,내삼미동,,12237,6506,5731,1278,4729,오산시,
4137011100,오산시,외삼미동,,7714,3936,3778,913,2937,오산시,
4137011200,오산시,양산동,,9597,4978,4619,668,2830,오산시,
4137011300,오산시,세교동,,8453,4387,4066,490,3032,오산시,
4137011400,오산시,지곶동,,5646,2928,2718,691,2235,오산시,
4137011500,오산시,서랑동,,206,121,85,0,45,오산시,
4137011600,오산시,서동,,7396,3824,3572,669,2829,오산시,
4137011700,오산시,벌음동,,171,104,67,8,50,오산시,
4137011800,오산시,두곡동,,198,113,85,3,37,오산시,
4137011900,오산시,탑동,,1252,645,607,67,393,오산시,
4137012000,오산시,누읍동,,7296,3759,3537,625,2599,오산시,
4137012100,오산시,가수동,,5668,2986,2682,350,2088,오산시,
4137012200,오산시,고현동,,4736,2651,2085,424,2076,오산시,
4137012300,오산시,청호동,,7070,3659,3411,452,2304,오산시,
4137012400,오산시,갈곶동,,13162,6766,6396,805,4098,오산시,
4139010100,시흥시,대야동,,41340,20794,20546,2741,12101,시흥시,
4139010200,시흥시,신천동,,33173,17114,16059,1085,7692,시흥시,
4139010300,시흥시,방산동,,431,268,163,2,52,시흥시,
4139010400,시흥시,포동,,5358,2733,2625,178,1181,시흥시,
4139010500,시흥시,미산동,,3218,1734,1484,85,651,시흥시,
4139010600,시흥시,은행동,,54111,26924,27187,5430,18023,시흥시,
4139010700,시흥시,안현동,,367,214,153,1,66,시흥시,
4139010800,시흥시,매화동,,7940,4155,3785,322,1837,시흥시,
4139010900,시흥시,도창동,,3013,1597,1416,111,636,시흥시,
4139011000,시흥시,금이동,,262,165,97,1,42,시흥시,
4139011200,시흥시,과림동,,1276,772,504,46,236,시흥시,
4139011300,시흥시,계수동,,556,332,224,7,87,시흥시,
4139011700,시흥시,화정동,,55,33,22,2,12,시흥시,
4139011800,시흥시,능곡동,,19930,9795,10135,1365,5613,시흥시,
4139011900,시흥시,하중동,,8009,4132,3877,333,1833,시흥시,
4139012000,시흥시,하상동,,7187,3630,3557,228,1528,시흥시,
4139012100,시흥시,광석동,,1445,738,707,167,492,시흥시,
4139012200,시흥시,물왕동,,205,112,93,4,28,시흥시,
4139012300,시흥시,산현동,,8712,4359,4353,1176,3488,시흥시,
4139012400,시흥시,조남동,,24267,12279,11988,2325,8434,시흥시,
4139012500,시흥시,논곡동,,3928,2073,1855,242,1151,시흥시,
4139012600,시흥시,목감동,,3758,1889,1869,264,1225,시흥시,
4139012700,시흥시,거모동,,21391,11123,10268,1073,5920,시흥시,
4139012800,시흥시,군자동,,5199,2636,2563,903,2108,시흥시,
4139012900,시흥시,장현동,,22163,11109,11054,2956,8669,시흥시,
4139013000,시흥시,장곡동,,32981,16625,16356,3859,11588,시흥시,
4139013100,시흥시,월곶동,,17477,9107,8370,1070,5476,시흥시,
4139013200,시흥시,정왕동,,112487,63741,48746,6055,36275,시흥시,
4139013300,시흥시,죽율동,,5114,2625,2489,425,1590,시흥시,
4139013400,시흥시,무지내동,,501,313,188,2,75,시흥시,
4139013500,시흥시,배곧동,,70621,36034,34587,7928,27348,시흥시,
4141010100,군포시,당동,,51900,26270,25630,2503,13794,군포시,
4141010200,군포시,당정동,,13547,7132,6415,669,3684,군포시,
4141010300,군포시,부곡동,,15730,7727,8003,1088,4657,군포시,
4141010400,군포시,산본동,,103937,50706,53231,5138,27896,군포시,
4141010500,군포시,금정동,,48990,24230,24760,2164,14653,군포시,
4141010600,군포시,둔대동,,138,71,67,1,24,군포시,
4141010700,군포시,속달동,,293,164,129,12,58,군포시,
4141010800,군포시,대야미동,,8673,4318,4355,414,2242,군포시,
4141010900,군포시,도마교동,,11597,5802,5795,1361,4402,군포시,
4143010100,의왕시,고천동,,5384,2784,2600,778,3287,의왕시,
4143010200,의왕시,이동,,1250,844,406,16,412,의왕시,
4143010300,의왕시,삼동,,23955,11834,12121,1422,6399,의왕시,
4143010400,의왕시,왕곡동,,7214,3584,3630,351,1785,의왕시,
4143010500,의왕시,오전동,,34545,17028,17517,2062,8821,의왕시,
4143010600,의왕시,학의동,,11419,5636,5783,905,3225,의왕시,
4143010700,의왕시,내손동,,34757,17102,17655,2266,9157,의왕시,
4143010800,의왕시,청계동,,7514,3683,3831,439,1783,의왕시,
4143010900,의왕시,포일동,,24098,11728,12370,1727,7131,의왕시,
4143011000,의왕시,월암동,,629,336,293,18,151,의왕시,
4143011100,의왕시,초평동,,3319,1685,1634,714,1781,의왕시,
4145010100,하남시,천현동,,1850,1060,790,55,509,하남시,
4145010200,하남시,하산곡동,,2110,1104,1006,50,489,하남시,
4145010300,하남시,창우동,,15086,7387,7699,887,4153,하남시,
4145010400,하남시,배알미동,,86,46,40,3,10,하남시,
4145010500,하남시,상산곡동,,1060,590,470,19,222,하남시,
4145010600,하남시,신장동,,37743,18884,18859,2504,11516,하남시,
4145010800,하남시,덕풍동,,59024,29521,29503,3393,16254,하남시,
4145010900,하남시,망월동,,78922,38670,40252,5769,30545,하남시,
4145011000,하남시,풍산동,,29572,14555,15017,3229,10513,하남시,
4145011100,하남시,미사동,,849,463,386,22,181,하남시,
4145011200,하남시,선동,,20172,9858,10314,1989,6768,하남시,
4145011300,하남시,감북동,,2666,1485,1181,79,741,하남시,
4145011400,하남시,감일동,,10258,5158,5100,1168,3990,하남시,
4145011500,하남시,감이동,,29705,14777,14928,4608,11193,하남시,
4145011600,하남시,학암동,,34953,17170,17783,4158,12159,하남시,
4145011700,하남시,교산동,,168,106,62,7,38,하남시,
4145011800,하남시,춘궁동,,484,296,188,12,107,하남시,
4145011900,하남시,하사창동,,177,119,58,1,42,하남시,
4145012000,하남시,상사창동,,167,108,59,0,29,하남시,
4145012100,하남시,항동,,122,84,38,2,33,하남시,
4145012200,하남시,초일동,,1066,577,489,79,316,하남시,
4145012300,하남시,초이동,,1664,947,717,31,376,하남시,
4145012400,하남시,광암동,,508,295,213,3,104,하남시,
4146110100,용인시 처인구,김량장동,,21872,10846,11026,1245,6340,용인시,처인구
4146110200,용인시 처인구,역북동,,34866,17578,17288,2977,11664,용인시,처인구
4146110300,용인시 처인구,삼가동,,11971,5946,6025,704,3147,용인시,처인구
4146110400,용인시 처인구,남동,,5024,2755,2269,174,1138,용인시,처인구
4146110500,용인시 처인구,유방동,,15517,7767,7750,831,4555,용인시,처인구
4146110600,용인시 처인구,고림동,,35706,18069,17637,3929,12983,용인시,처인구
4146110700,용인시 처인구,마평동,,10251,5250,5001,393,2447,용인시,처인구
4146110800,용인시 처인구,운학동,,1236,666,570,44,230,용인시,처인구
4146110900,용인시 처인구,호동,,638,326,312,22,125,용인시,처인구
4146111000,용인시 처인구,해곡동,,208,105,103,6,36,용인시,처인구
4146125021,용인시 처인구,포곡읍,삼계리,6352,3248,3104,254,1699,용인시,처인구
4146125022,용인시 처인구,포곡읍,금어리,1165,659,506,58,291,용인시,처인구
4146125023,용인시 처인구,포곡읍,둔전리,14160,7183,6977,544,3612,용인시,처인구
4146125024,용인시 처인구,포곡읍,영문리,1790,908,882,67,433,용인시,처인구
4146125025,용인시 처인구,포곡읍,마성리,914,478,436,37,223,용인시,처인구
4146125026,용인시 처인구,포곡읍,가실리,2,2,0,0,0,용인시,처인구
4146125027,용인시 처인구,포곡읍,전대리,5978,3182,2796,316,1706,용인시,처인구
4146125028,용인시 처인구,포곡읍,유운리,451,259,192,7,69,용인시,처인구
4146125029,용인시 처인구,포곡읍,신원리,383,223,160,4,55,용인시,처인구
4146125321,용인시 처인구,모현읍,왕산리,14152,7328,6824,1233,4507,용인시,처인구
4146125322,용인시 처인구,모현읍,갈담리,1063,597,466,21,215,용인시,처인구
4146125323,용인시 처인구,모현읍,초부리,1243,685,558,27,217,용인시,처인구
4146125324,용인시 처인구,모현읍,일산리,3770,1937,1833,155,848,용인시,처인구
4146125325,용인시 처인구,모현읍,매산리,1159,639,520,21,226,용인시,처인구
4146125326,용인시 처인구,모현읍,동림리,3558,1849,1709,203,1048,용인시,처인구
4146125327,용인시 처인구,모현읍,능원리,3594,1823,1771,203,1076,용인시,처인구
4146125328,용인시 처인구,모현읍,오산리,2225,1095,1130,118,657,용인시,처인구
4146125621,용인시 처인구,이동읍,송전리,4076,2159,1917,233,1042,용인시,처인구
4146125622,용인시 처인구,이동읍,어비리,361,189,172,3,55,용인시,처인구
4146125623,용인시 처인구,이동읍,묘봉리,493,260,233,3,78,용인시,처인구
4146125624,용인시 처인구,이동읍,화산리,417,242,175,3,83,용인시,처인구
4146125625,용인시 처인구,이동읍,시미리,593,319,274,11,129,용인시,처인구
4146125626,용인시 처인구,이동읍,덕성리,718,386,332,11,136,용인시,처인구
4146125627,용인시 처인구,이동읍,묵리,1360,458,902,16,166,용인시,처인구
4146125628,용인시 처인구,이동읍,천리,10137,5338,4799,598,2854,용인시,처인구
4146125629,용인시 처인구,이동읍,서리,1187,606,581,44,243,용인시,처인구
4146125921,용인시 처인구,남사읍,봉무리,1100,569,531,44,256,용인시,처인구
4146125922,용인시 처인구,남사읍,북리,561,312,249,8,108,용인시,처인구
4146125923,용인시 처인구,남사읍,통삼리,357,210,147,9,44,용인시,처인구
4146125924,용인시 처인구,남사읍,봉명리,600,341,259,14,102,용인시,처인구
4146125925,용인시 처인구,남사읍,진목리,702,376,326,15,129,용인시,처인구
4146125926,용인시 처인구,남사읍,원암리,409,246,163,4,70,용인시,처인구
4146125927,용인시 처인구,남사읍,전궁리,442,237,205,13,77,용인시,처인구
4146125928,용인시 처인구,남사읍,방아리,796,432,364,28,157,용인시,처인구
4146125929,용인시 처인구,남사읍,창리,696,358,338,24,127,용인시,처인구
4146125930,용인시 처인구,남사읍,아곡리,6471,3186,3285,762,2355,용인시,처인구
4146125931,용인시 처인구,남사읍,완장리,11477,5683,5794,1399,4350,용인시,처인구
4146134021,용인시 처인구,원삼면,고당리,584,299,285,12,118,용인시,처인구
4146134022,용인시 처인구,원삼면,사암리,1415,732,683,33,227,용인시,처인구
4146134023,용인시 처인구,원삼면,좌항리,1357,678,679,45,278,용인시,처인구
4146134024,용인시 처인구,원삼면,맹리,708,374,334,5,107,용인시,처인구
4146134025,용인시 처인구,원삼면,미평리,343,192,151,9,64,용인시,처인구
4146134026,용인시 처인구,원삼면,두창리,1282,674,608,51,292,용인시,처인구
4146134027,용인시 처인구,원삼면,독성리,328,174,154,13,66,용인시,처인구
4146134028,용인시 처인구,원삼면,죽능리,463,251,212,10,80,용인시,처인구
4146134029,용인시 처인구,원삼면,목신리,341,185,156,1,50,용인시,처인구
4146134030,용인시 처인구,원삼면,학일리,234,132,102,1,30,용인시,처인구
4146134031,용인시 처인구,원삼면,문촌리,348,195,153,11,66,용인시,처인구
4146134032,용인시 처인구,원삼면,가재월리,225,118,107,5,33,용인시,처인구
4146135021,용인시 처인구,백암면,백암리,1368,752,616,44,308,용인시,처인구
4146135022,용인시 처인구,백암면,박곡리,689,376,313,14,132,용인시,처인구
4146135023,용인시 처인구,백암면,백봉리,828,487,341,11,151,용인시,처인구
4146135024,용인시 처인구,백암면,고안리,486,263,223,7,91,용인시,처인구
4146135025,용인시 처인구,백암면,옥산리,418,221,197,6,59,용인시,처인구
4146135026,용인시 처인구,백암면,장평리,354,187,167,4,61,용인시,처인구
4146135027,용인시 처인구,백암면,석천리,279,147,132,8,44,용인시,처인구
4146135028,용인시 처인구,백암면,용천리,511,276,235,4,58,용인시,처인구
4146135029,용인시 처인구,백암면,근삼리,518,272,246,11,78,용인시,처인구
4146135030,용인시 처인구,백암면,근창리,1233,625,608,41,262,용인시,처인구
4146135031,용인시 처인구,백암면,근곡리,279,147,132,6,44,용인시,처인구
4146135032,용인시 처인구,백암면,가창리,690,379,311,18,147,용인시,처인구
4146135033,용인시 처인구,백암면,가좌리,227,135,92,4,31,용인시,처인구
4146136021,용인시 처인구,양지면,양지리,6250,3252,2998,318,1876,용인시,처인구
4146136022,용인시 처인구,양지면,남곡리,5732,3143,2589,334,1952,용인시,처인구
4146136023,용인시 처인구,양지면,평창리,1794,930,864,75,395,용인시,처인구
4146136024,용인시 처인구,양지면,제일리,1700,905,795,94,411,용인시,처인구
4146136025,용인시 처인구,양지면,추계리,609,319,290,36,127,용인시,처인구
4146136026,용인시 처인구,양지면,식금리,365,199,166,11,60,용인시,처인구
4146136027,용인시 처인구,양지면,정수리,218,114,104,7,41,용인시,처인구
4146136028,용인시 처인구,양지면,대대리,1045,524,521,53,235,용인시,처인구
4146136029,용인시 처인구,양지면,주북리,1197,627,570,38,274,용인시,처인구
4146136030,용인시 처인구,양지면,송문리,787,414,373,13,127,용인시,처인구
4146310100,용인시 기흥구,신갈동,,36475,18172,18303,2327,11288,용인시,기흥구
4146310200,용인시 기흥구,구갈동,,40102,20272,19830,2877,13219,용인시,기흥구
4146310300,용인시 기흥구,상갈동,,12549,6490,6059,630,3685,용인시,기흥구
4146310400,용인시 기흥구,하갈동,,5000,2413,2587,245,1107,용인시,기흥구
4146310500,용인시 기흥구,보라동,,28571,14050,14521,1795,7662,용인시,기흥구
4146310600,용인시 기흥구,지곡동,,4058,2030,2028,197,929,용인시,기흥구
4146310700,용인시 기흥구,공세동,,16042,7904,8138,922,4493,용인시,기흥구
4146310800,용인시 기흥구,고매동,,4789,2411,2378,193,1242,용인시,기흥구
4146310900,용인시 기흥구,농서동,,3841,2115,1726,118,988,용인시,기흥구
4146311000,용인시 기흥구,서천동,,21064,10557,10507,1913,6967,용인시,기흥구
4146311100,용인시 기흥구,영덕동,,48551,24070,24481,4252,16182,용인시,기흥구
4146311200,용인시 기흥구,언남동,,23286,11284,12002,1397,5915,용인시,기흥구
4146311300,용인시 기흥구,마북동,,33545,16417,17128,2034,8980,용인시,기흥구
4146311400,용인시 기흥구,청덕동,,15323,7270,8053,753,3805,용인시,기흥구
4146311500,용인시 기흥구,동백동,,37615,18109,19506,2747,10866,용인시,기흥구
4146311600,용인시 기흥구,중동,,46846,22796,24050,3276,13024,용인시,기흥구
4146311700,용인시 기흥구,상하동,,23137,11221,11916,1169,5608,용인시,기흥구
4146311800,용인시 기흥구,보정동,,34414,16829,17585,2246,9263,용인시,기흥구
4146510100,용인시 수지구,풍덕천동,,76227,37787,38440,5961,26034,용인시,수지구
4146510200,용인시 수지구,죽전동,,72819,35416,37403,4605,21167,용인시,수지구
4146510300,용인시 수지구,동천동,,46717,22861,23856,4237,15566,용인시,수지구
4146510400,용인시 수지구,고기동,,3944,1976,1968,275,1028,용인시,수지구
4146510500,용인시 수지구,신봉동,,41227,19870,21357,3153,11940,용인시,수지구
4146510600,용인시 수지구,성복동,,54721,26352,28369,4427,15213,용인시,수지구
4146510700,용인시 수지구,상현동,,80258,38655,41603,6376,24571,용인시,수지구
4148010100,파주시,금촌동,,47391,23835,23556,2379,12917,파주시,
4148010200,파주시,아동동,,15629,7923,7706,812,4090,파주시,
4148010400,파주시,야동동,,4474,2384,2090,303,1366,파주시,
4148010500,파주시,검산동,,4486,2281,2205,178,1052,파주시,
4148010600,파주시,맥금동,,628,343,285,6,110,파주시,
4148010700,파주시,교하동,,1166,631,535,41,269,파주시,
4148010800,파주시,야당동,,54519,26621,27898,3821,17286,파주시,
4148010900,파주시,다율동,,32016,15940,16076,4889,13296,파주시,
4148011000,파주시,오도동,,480,261,219,14,92,파주시,
4148011100,파주시,상지석동,,6271,3131,3140,284,1847,파주시,
4148011200,파주시,산남동,,1376,706,670,47,283,파주시,
4148011300,파주시,동패동,,75068,37126,37942,8724,28091,파주시,
4148011400,파주시,당하동,,1449,725,724,70,407,파주시,
4148011500,파주시,문발동,,8477,4338,4139,411,2279,파주시,
4148011600,파주시,송촌동,,337,175,162,6,49,파주시,
4148011700,파주시,목동동,,63400,30761,32639,6497,21970,파주시,
4148011800,파주시,하지석동,,447,220,227,14,87,파주시,
4148011900,파주시,서패동,,427,232,195,23,101,파주시,
4148012000,파주시,신촌동,,568,366,202,10,206,파주시,
4148012100,파주시,연다산동,,587,309,278,17,113,파주시,
4148012200,파주시,와동동,,51131,25106,26025,4270,17143,파주시,
4148012300,파주시,금릉동,,3571,1828,1743,114,839,파주시,
4148025000,파주시,문산읍,,4,2,2,1,1,파주시,
4148025021,파주시,문산읍,문산리,8495,4168,4327,389,1925,파주시,
4148025022,파주시,문산읍,당동리,14325,7260,7065,1089,4552,파주시,
4148025023,파주시,문산읍,선유리,21497,11042,10455,2093,7231,파주시,
4148025024,파주시,문산읍,임진리,210,112,98,5,42,파주시,
4148025025,파주시,문산읍,운천리,941,500,441,10,140,파주시,
4148025026,파주시,문산읍,사목리,339,178,161,10,60,파주시,
4148025027,파주시,문산읍,마정리,621,324,297,11,87,파주시,
4148025028,파주시,문산읍,장산리,248,130,118,1,31,파주시,
4148025029,파주시,문산읍,내포리,1116,766,350,9,348,파주시,
4148025030,파주시,문산읍,이천리,586,361,225,8,119,파주시,
4148025321,파주시,파주읍,봉서리,2638,1353,1285,127,685,파주시,
4148025322,파주시,파주읍,향양리,908,498,410,20,170,파주시,
4148025323,파주시,파주읍,부곡리,383,201,182,3,59,파주시,
4148025324,파주시,파주읍,봉암리,1155,646,509,19,249,파주시,
4148025325,파주시,파주읍,백석리,617,353,264,16,99,파주시,
4148025326,파주시,파주읍,파주리,3263,1698,1565,91,635,파주시,
4148025327,파주시,파주읍,연풍리,4623,2495,2128,176,1126,파주시,
4148025621,파주시,법원읍,오현리,3,3,0,0,0,파주시,
4148025622,파주시,법원읍,법원리,3411,1818,1593,88,692,파주시,
4148025623,파주시,법원읍,가야리,1629,833,796,35,285,파주시,
4148025624,파주시,법원읍,동문리,368,205,163,3,41,파주시,
4148025625,파주시,법원읍,대능리,1753,902,851,25,314,파주시,
4148025626,파주시,법원읍,삼방리,372,193,179,6,57,파주시,
4148025627,파주시,법원읍,갈곡리,377,204,173,4,46,파주시,
4148025628,파주시,법원읍,직천리,168,90,78,2,19,파주시,
4148025629,파주시,법원읍,웅담리,589,331,258,12,92,파주시,
4148025630,파주시,법원읍,금곡리,613,341,272,2,113,파주시,
4148026221,파주시,조리읍,봉일천리,12235,6098,6137,481,2759,파주시,
4148026222,파주시,조리읍,뇌조리,720,409,311,14,120,파주시,
4148026223,파주시,조리읍,등원리,1068,605,463,22,227,파주시,
4148026224,파주시,조리읍,장곡리,1646,851,795,62,367,파주시,
4148026225,파주시,조리읍,오산리,983,560,423,12,182,파주시,
4148026226,파주시,조리읍,능안리,596,332,264,10,99,파주시,
4148026227,파주시,조리읍,대원리,10398,5100,5298,459,2284,파주시,
4148031021,파주시,월롱면,위전리,1022,545,477,23,213,파주시,
4148031022,파주시,월롱면,도내리,552,306,246,13,90,파주시,
4148031023,파주시,월롱면,덕은리,4469,3306,1163,40,1673,파주시,
4148031024,파주시,월롱면,능산리,253,153,100,3,52,파주시,
4148031025,파주시,월롱면,영태리,1880,1036,844,29,346,파주시,
4148032021,파주시,탄현면,성동리,400,220,180,9,75,파주시,
4148032022,파주시,탄현면,법흥리,8037,4281,3756,314,2034,파주시,
4148032023,파주시,탄현면,갈현리,797,431,366,16,125,파주시,
4148032024,파주시,탄현면,문지리,257,159,98,6,42,파주시,
4148032025,파주시,탄현면,대동리,548,295,253,10,105,파주시,
4148032026,파주시,탄현면,만우리,229,117,112,8,45,파주시,
4148032027,파주시,탄현면,축현리,1033,613,420,21,218,파주시,
4148032028,파주시,탄현면,금승리,438,272,166,4,114,파주시,
4148032029,파주시,탄현면,오금리,474,251,223,6,73,파주시,
4148032030,파주시,탄현면,낙하리,255,142,113,5,42,파주시,
4148032031,파주시,탄현면,금산리,238,130,108,3,40,파주시,
4148035021,파주시,광탄면,분수리,773,456,317,19,123,파주시,
4148035022,파주시,광탄면,방축리,477,271,206,8,76,파주시,
4148035023,파주시,광탄면,마장리,941,512,429,67,246,파주시,
4148035024,파주시,광탄면,발랑리,493,273,220,9,83,파주시,
4148035025,파주시,광탄면,창만리,914,521,393,14,148,파주시,
4148035026,파주시,광탄면,용미리,1621,883,738,32,272,파주시,
4148035027,파주시,광탄면,신산리,4031,2136,1895,128,790,파주시,
4148035028,파주시,광탄면,기산리,230,118,112,0,53,파주시,
4148035029,파주시,광탄면,영장리,791,439,352,10,127,파주시,
4148036021,파주시,파평면,덕천리,577,309,268,10,82,파주시,
4148036022,파주시,파평면,두포리,417,235,182,7,55,파주시,
4148036023,파주시,파평면,마산리,229,141,88,0,26,파주시,
4148036024,파주시,파평면,율곡리,521,257,264,14,69,파주시,
4148036026,파주시,파평면,금파리,483,249,234,3,71,파주시,
4148036027,파주시,파평면,장파리,800,407,393,13,91,파주시,
4148036028,파주시,파평면,눌노리,471,254,217,6,54,파주시,
4148037021,파주시,적성면,어유지리,358,199,159,7,58,파주시,
4148037023,파주시,적성면,장현리,261,149,112,1,41,파주시,
4148037024,파주시,적성면,구읍리,1440,833,607,26,269,파주시,
4148037025,파주시,적성면,객현리,386,219,167,7,57,파주시,
4148037026,파주시,적성면,가월리,349,196,153,1,54,파주시,
4148037027,파주시,적성면,무건리,15,9,6,0,2,파주시,
4148037028,파주시,적성면,율포리,137,63,74,5,14,파주시,
4148037029,파주시,적성면,답곡리,29,23,6,0,4,파주시,
4148037030,파주시,적성면,식현리,619,325,294,12,81,파주시,
4148037031,파주시,적성면,주월리,170,92,78,1,19,파주시,
4148037032,파주시,적성면,설마리,65,35,30,1,10,파주시,
4148037033,파주시,적성면,적암리,162,86,76,0,16,파주시,
4148037034,파주시,적성면,두지리,71,37,34,0,10,파주시,
4148037035,파주시,적성면,마지리,2338,1219,1119,262,723,파주시,
4148037036,파주시,적성면,자장리,187,104,83,3,25,파주시,
4148038021,파주시,군내면,백연리,392,203,189,3,57,파주시,
4148038023,파주시,군내면,조산리,135,76,59,3,33,파주시,
4148038024,파주시,군내면,읍내리,19,19,0,0,9,파주시,
4148040021,파주시,진동면,동파리,137,78,59,2,10,파주시,
4150010100,이천시,창전동,,15542,7923,7619,544,4172,이천시,
4150010200,이천시,관고동,,7760,3933,3827,534,2226,이천시,
4150010300,이천시,중리동,,6890,3641,3249,313,2133,이천시,
4150010400,이천시,증일동,,2548,1256,1292,166,724,이천시,
4150010500,이천시,율현동,,348,190,158,9,72,이천시,
4150010600,이천시,진리동,,459,255,204,13,103,이천시,
4150010700,이천시,안흥동,,9645,4922,4723,908,3457,이천시,
4150010800,이천시,갈산동,,10579,5256,5323,704,2975,이천시,
4150010900,이천시,증포동,,20815,10359,10456,2015,6864,이천시,
4150011000,이천시,송정동,,14999,7432,7567,1496,4847,이천시,
4150011100,이천시,사음동,,3293,1737,1556,202,969,이천시,
4150011200,이천시,단월동,,753,396,357,20,121,이천시,
4150011300,이천시,대포동,,1033,586,447,133,355,이천시,
4150011400,이천시,고담동,,2468,1915,553,93,998,이천시,
4150011500,이천시,장록동,,655,405,250,21,186,이천시,
4150025021,이천시,장호원읍,장호원리,2396,1200,1196,67,509,이천시,
4150025022,이천시,장호원읍,오남리,648,314,334,20,102,이천시,
4150025023,이천시,장호원읍,진암리,5228,2587,2641,297,1332,이천시,
4150025024,이천시,장호원읍,어석리,267,147,120,6,36,이천시,
4150025025,이천시,장호원읍,대서리,295,159,136,6,45,이천시,
4150025026,이천시,장호원읍,송산리,463,229,234,12,56,이천시,
4150025027,이천시,장호원읍,방추리,148,70,78,2,18,이천시,
4150025028,이천시,장호원읍,선읍리,386,201,185,9,47,이천시,
4150025029,이천시,장호원읍,이황리,1697,913,784,236,570,이천시,
4150025030,이천시,장호원읍,나래리,321,171,150,8,42,이천시,
4150025031,이천시,장호원읍,와현리,252,131,121,2,20,이천시,
4150025032,이천시,장호원읍,풍계리,458,231,227,7,56,이천시,
4150025033,이천시,장호원읍,노탑리,1737,891,846,42,312,이천시,
4150025300,이천시,부발읍,,1,0,1,0,1,이천시,
4150025321,이천시,부발읍,무촌리,5392,2830,2562,268,1500,이천시,
4150025322,이천시,부발읍,죽당리,1558,833,725,75,372,이천시,
4150025323,이천시,부발읍,신원리,2618,1362,1256,166,848,이천시,
4150025324,이천시,부발읍,고백리,390,218,172,8,68,이천시,
4150025325,이천시,부발읍,대관리,224,129,95,3,29,이천시,
4150025326,이천시,부발읍,마암리,639,326,313,28,132,이천시,
4150025327,이천시,부발읍,산촌리,246,122,124,5,50,이천시,
4150025328,이천시,부발읍,신하리,8979,4591,4388,574,2805,이천시,
4150025329,이천시,부발읍,가좌리,1192,688,504,42,355,이천시,
4150025330,이천시,부발읍,아미리,12066,6728,5338,889,4306,이천시,
4150025331,이천시,부발읍,수정리,237,124,113,3,37,이천시,
4150025332,이천시,부발읍,송온리,148,89,59,2,26,이천시,
4150025333,이천시,부발읍,가산리,596,329,267,22,151,이천시,
4150025334,이천시,부발읍,응암리,2608,1350,1258,126,872,이천시,
4150031021,이천시,신둔면,수광리,3235,1691,1544,213,941,이천시,
4150031022,이천시,신둔면,남정리,1111,601,510,36,247,이천시,
4150031023,이천시,신둔면,지석리,882,457,425,39,177,이천시,
4150031024,이천시,신둔면,장동리,642,323,319,27,132,이천시,
4150031025,이천시,신둔면,도봉리,1130,593,537,61,287,이천시,
4150031026,이천시,신둔면,도암리,1661,857,804,136,454,이천시,
4150031027,이천시,신둔면,수하리,1527,767,760,88,416,이천시,
4150031028,이천시,신둔면,수남리,653,348,305,19,165,이천시,
4150031029,이천시,신둔면,고척리,1336,756,580,46,325,이천시,
4150031030,이천시,신둔면,용면리,366,196,170,12,48,이천시,
4150031031,이천시,신둔면,인후리,567,291,276,15,107,이천시,
4150031032,이천시,신둔면,마교리,349,203,146,7,67,이천시,
4150031033,이천시,신둔면,소정리,249,146,103,9,66,이천시,
4150032021,이천시,백사면,현방리,998,512,486,27,174,이천시,
4150032022,이천시,백사면,경사리,818,420,398,28,166,이천시,
4150032023,이천시,백사면,도립리,761,391,370,37,158,이천시,
4150032024,이천시,백사면,송말리,582,278,304,10,90,이천시,
4150032025,이천시,백사면,신대리,363,186,177,15,76,이천시,
4150032026,이천시,백사면,모전리,5902,2921,2981,408,1809,이천시,
4150032027,이천시,백사면,도지리,461,252,209,13,74,이천시,
4150032028,이천시,백사면,조읍리,1223,653,570,51,296,이천시,
4150032029,이천시,백사면,우곡리,242,129,113,8,39,이천시,
4150032030,이천시,백사면,내촌리,383,190,193,7,60,이천시,
4150032031,이천시,백사면,상용리,255,136,119,3,37,이천시,
4150032032,이천시,백사면,백우리,204,110,94,4,33,이천시,
4150033021,이천시,호법면,유산리,1576,824,752,86,410,이천시,
4150033022,이천시,호법면,안평리,869,487,382,27,194,이천시,
4150033023,이천시,호법면,후안리,1300,748,552,48,332,이천시,
4150033024,이천시,호법면,단천리,326,178,148,9,66,이천시,
4150033025,이천시,호법면,매곡리,570,298,272,5,91,이천시,
4150033026,이천시,호법면,동산리,363,185,178,8,50,이천시,
4150033027,이천시,호법면,주박리,149,79,70,4,26,이천시,
4150033028,이천시,호법면,주미리,177,94,83,7,31,이천시,
4150033029,이천시,호법면,송갈리,317,166,151,4,46,이천시,
4150034021,이천시,마장면,오천리,5725,2961,2764,665,2227,이천시,
4150034022,이천시,마장면,양촌리,3879,1977,1902,691,1752,이천시,
4150034023,이천시,마장면,관리,808,428,380,16,146,이천시,
4150034024,이천시,마장면,회억리,523,417,106,5,117,이천시,
4150034025,이천시,마장면,장암리,420,220,200,12,74,이천시,
4150034026,이천시,마장면,목리,315,169,146,8,59,이천시,
4150034027,이천시,마장면,표교리,817,474,343,9,198,이천시,
4150034028,이천시,마장면,이치리,759,452,307,13,182,이천시,
4150034029,이천시,마장면,각평리,241,136,105,4,37,이천시,
4150034030,이천시,마장면,덕평리,988,602,386,25,273,이천시,
4150034031,이천시,마장면,이평리,372,207,165,3,78,이천시,
4150034032,이천시,마장면,해월리,948,502,446,14,205,이천시,
4150034033,이천시,마장면,작촌리,264,138,126,9,46,이천시,
4150035025,이천시,대월면,초지리,2350,1194,1156,101,619,이천시,
4150035026,이천시,대월면,사동리,8498,4716,3782,792,3353,이천시,
4150035027,이천시,대월면,대대리,636,323,313,30,131,이천시,
4150035028,이천시,대월면,대흥리,1773,723,1050,31,736,이천시,
4150035029,이천시,대월면,도리리,213,119,94,2,27,이천시,
4150035030,이천시,대월면,구시리,244,132,112,5,46,이천시,
4150035031,이천시,대월면,군량리,475,258,217,6,86,이천시,
4150035032,이천시,대월면,송라리,242,126,116,4,36,이천시,
4150035033,이천시,대월면,장평리,241,126,115,5,33,이천시,
4150035034,이천시,대월면,부필리,193,97,96,0,25,이천시,
4150036021,이천시,모가면,진가리,791,425,366,19,151,이천시,
4150036022,이천시,모가면,서경리,432,230,202,8,75,이천시,
4150036023,이천시,모가면,산내리,182,103,79,2,24,이천시,
4150036024,이천시,모가면,송곡리,418,214,204,8,59,이천시,
4150036025,이천시,모가면,소사리,241,143,98,12,42,이천시,
4150036026,이천시,모가면,양평리,187,102,85,0,37,이천시,
4150036027,이천시,모가면,원두리,359,190,169,6,81,이천시,
4150036028,이천시,모가면,소고리,479,263,216,4,65,이천시,
4150036029,이천시,모가면,신갈리,375,210,165,1,58,이천시,
4150036030,이천시,모가면,어농리,301,178,123,2,51,이천시,
4150036031,이천시,모가면,두미리,295,154,141,3,47,이천시,
4150037021,이천시,설성면,금당리,589,303,286,20,100,이천시,
4150037022,이천시,설성면,장능리,361,186,175,6,41,이천시,
4150037023,이천시,설성면,행죽리,274,145,129,8,46,이천시,
4150037024,이천시,설성면,제요리,500,268,232,5,72,이천시,
4150037025,이천시,설성면,신필리,338,190,148,6,84,이천시,
4150037026,이천시,설성면,장천리,434,228,206,5,55,이천시,
4150037027,이천시,설성면,자석리,415,227,188,36,123,이천시,
4150037028,이천시,설성면,암산리,270,142,128,0,25,이천시,
4150037029,이천시,설성면,송계리,243,133,110,3,31,이천시,
4150037030,이천시,설성면,상봉리,319,173,146,7,38,이천시,
4150037031,이천시,설성면,수산리,260,140,120,1,42,이천시,
4150037032,이천시,설성면,대죽리,350,213,137,1,50,이천시,
4150038021,이천시,율면,고당리,510,257,253,6,60,이천시,
4150038022,이천시,율면,신추리,259,134,125,5,28,이천시,
4150038023,이천시,율면,본죽리,245,136,109,11,31,이천시,
4150038024,이천시,율면,북두리,213,120,93,2,23,이천시,
4150038025,이천시,율면,산양리,211,105,106,6,31,이천시,
4150038026,이천시,율면,석산리,195,104,91,0,19,이천시,
4150038027,이천시,율면,산성리,88,44,44,0,4,이천시,
4150038028,이천시,율면,오성리,218,114,104,1,22,이천시,
4150038029,이천시,율면,월포리,412,218,194,12,52,이천시,
4150038030,이천시,율면,총곡리,111,52,59,0,11,이천시,
4155010100,안성시,봉산동,,1820,918,902,49,361,안성시,
4155010200,안성시,숭인동,,2005,968,1037,64,403,안성시,
4155010300,안성시,영동,,375,201,174,21,96,안성시,
4155010400,안성시,봉남동,,505,245,260,22,120,안성시,
4155010500,안성시,구포동,,445,231,214,22,102,안성시,
4155010600,안성시,동본동,,225,115,110,5,37,안성시,
4155010700,안성시,명륜동,,664,365,299,17,148,안성시,
4155010800,안성시,옥천동,,383,185,198,9,58,안성시,
4155010900,안성시,낙원동,,916,427,489,25,172,안성시,
4155011000,안성시,창전동,,400,202,198,9,71,안성시,
4155011100,안성시,성남동,,412,232,180,7,73,안성시,
4155011200,안성시,신흥동,,419,215,204,10,80,안성시,
4155011300,안성시,인지동,,863,461,402,13,223,안성시,
4155011400,안성시,금산동,,3621,1818,1803,132,711,안성시,
4155011500,안성시,연지동,,400,202,198,14,87,안성시,
4155011600,안성시,대천동,,255,137,118,3,41,안성시,
4155011700,안성시,서인동,,200,91,109,1,33,안성시,
4155011800,안성시,석정동,,6357,3237,3120,445,1795,안성시,
4155011900,안성시,아양동,,8889,4411,4478,628,2888,안성시,
4155012000,안성시,금석동,,1159,573,586,48,259,안성시,
4155012100,안성시,계동,,526,299,227,15,122,안성시,
4155012200,안성시,옥산동,,4638,2339,2299,483,1554,안성시,
4155012300,안성시,사곡동,,268,149,119,8,38,안성시,
4155012400,안성시,도기동,,1212,678,534,43,299,안성시,
4155012500,안성시,당왕동,,16014,7990,8024,1376,4904,안성시,
4155012600,안성시,가사동,,2058,1027,1031,190,637,안성시,
4155012700,안성시,가현동,,364,203,161,4,78,안성시,
4155012800,안성시,신건지동,,719,399,320,23,191,안성시,
4155012900,안성시,신소현동,,3019,1569,1450,159,736,안성시,
4155013000,안성시,신모산동,,76,38,38,3,21,안성시,
4155013100,안성시,현수동,,423,220,203,19,75,안성시,
4155013200,안성시,발화동,,212,102,110,2,28,안성시,
4155013300,안성시,중리동,,3304,1749,1555,204,878,안성시,
4155025021,안성시,공도읍,양기리,4967,2530,2437,387,1706,안성시,
4155025022,안성시,공도읍,웅교리,436,224,212,3,50,안성시,
4155025023,안성시,공도읍,신두리,306,159,147,4,39,안성시,
4155025024,안성시,공도읍,중복리,235,113,122,4,30,안성시,
4155025025,안성시,공도읍,용두리,12194,6154,6040,1025,4154,안성시,
4155025026,안성시,공도읍,승두리,10067,5127,4940,1053,4104,안성시,
4155025027,안성시,공도읍,건천리,217,113,104,2,33,안성시,
4155025028,안성시,공도읍,불당리,239,114,125,2,31,안성시,
4155025029,안성시,공도읍,만정리,20202,10031,10171,1396,6061,안성시,
4155025030,안성시,공도읍,마정리,6474,3687,2787,250,1915,안성시,
4155025031,안성시,공도읍,진사리,11225,5504,5721,602,3304,안성시,
4155031000,안성시,보개면,,2,1,1,0,0,안성시,
4155031021,안성시,보개면,적가리,245,129,116,7,56,안성시,
4155031022,안성시,보개면,기좌리,675,366,309,13,124,안성시,
4155031023,안성시,보개면,북좌리,105,47,58,0,8,안성시,
4155031024,안성시,보개면,상삼리,467,247,220,16,76,안성시,
4155031025,안성시,보개면,신장리,153,77,76,10,31,안성시,
4155031026,안성시,보개면,양복리,184,92,92,1,22,안성시,
4155031027,안성시,보개면,오두리,140,73,67,2,15,안성시,
4155031028,안성시,보개면,이전리,155,91,64,6,30,안성시,
4155031029,안성시,보개면,불현리,93,44,49,0,15,안성시,
4155031030,안성시,보개면,내방리,435,223,212,22,96,안성시,
4155031031,안성시,보개면,동신리,398,203,195,5,66,안성시,
4155031032,안성시,보개면,곡천리,101,53,48,1,14,안성시,
4155031033,안성시,보개면,복평리,152,77,75,1,23,안성시,
4155031034,안성시,보개면,구사리,249,138,111,8,38,안성시,
4155031035,안성시,보개면,가율리,268,143,125,2,41,안성시,
4155031036,안성시,보개면,신안리,186,89,97,3,31,안성시,
4155031037,안성시,보개면,동평리,291,148,143,4,36,안성시,
4155031038,안성시,보개면,남풍리,315,154,161,6,39,안성시,
4155031039,안성시,보개면,북가현리,283,155,128,1,31,안성시,
4155032021,안성시,금광면,내우리,410,206,204,13,72,안성시,
4155032022,안성시,금광면,개산리,354,185,169,12,66,안성시,
4155032023,안성시,금광면,장죽리,97,47,50,1,13,안성시,
4155032024,안성시,금광면,상중리,187,99,88,0,18,안성시,
4155032025,안성시,금광면,금광리,144,77,67,0,28,안성시,
4155032026,안성시,금광면,현곡리,216,105,111,1,29,안성시,
4155032027,안성시,금광면,삼흥리,266,137,129,4,36,안성시,
4155032028,안성시,금광면,사흥리,398,208,190,9,44,안성시,
4155032029,안성시,금광면,오흥리,209,106,103,4,28,안성시,
4155032030,안성시,금광면,한운리,208,108,100,3,20,안성시,
4155032031,안성시,금광면,오산리,473,227,246,20,61,안성시,
4155032032,안성시,금광면,옥정리,239,110,129,0,27,안성시,
4155032033,안성시,금광면,석하리,131,61,70,0,12,안성시,
4155032034,안성시,금광면,신양복리,3620,1770,1850,164,874,안성시,
4155033021,안성시,서운면,인리,386,199,187,1,60,안성시,
4155033022,안성시,서운면,청용리,107,58,49,0,8,안성시,
4155033023,안성시,서운면,송정리,225,121,104,2,38,안성시,
4155033024,안성시,서운면,신촌리,337,181,156,5,44,안성시,
4155033025,안성시,서운면,산평리,182,97,85,2,25,안성시,
4155033026,안성시,서운면,현매리,278,155,123,4,36,안성시,
4155033027,안성시,서운면,동촌리,181,101,80,4,35,안성시,
4155033028,안성시,서운면,신흥리,146,76,70,2,21,안성시,
4155033029,안성시,서운면,신능리,142,79,63,7,37,안성시,
4155033030,안성시,서운면,신기리,158,83,75,0,23,안성시,
4155033031,안성시,서운면,송산리,251,136,115,9,41,안성시,
4155033032,안성시,서운면,오촌리,159,79,80,3,25,안성시,
4155033033,안성시,서운면,양촌리,297,149,148,5,37,안성시,
4155033034,안성시,서운면,북산리,148,77,71,1,17,안성시,
4155034021,안성시,미양면,구례리,80,42,38,2,17,안성시,
4155034022,안성시,미양면,계륵리,198,112,86,2,34,안성시,
4155034023,안성시,미양면,개정리,461,229,232,12,72,안성시,
4155034024,안성시,미양면,신계리,143,80,63,2,20,안성시,
4155034025,안성시,미양면,법전리,233,130,103,3,28,안성시,
4155034026,안성시,미양면,용두리,190,90,100,3,21,안성시,
4155034027,안성시,미양면,고지리,451,252,199,7,61,안성시,
4155034028,안성시,미양면,정동리,138,72,66,3,23,안성시,
4155034029,안성시,미양면,구수리,198,118,80,1,31,안성시,
4155034030,안성시,미양면,진촌리,237,126,111,5,34,안성시,
4155034031,안성시,미양면,갈전리,229,121,108,0,33,안성시,
4155034032,안성시,미양면,양지리,366,205,161,5,67,안성시,
4155034033,안성시,미양면,보체리,1156,642,514,55,356,안성시,
4155034034,안성시,미양면,신기리,109,66,43,0,21,안성시,
4155034035,안성시,미양면,강덕리,187,105,82,6,29,안성시,
4155034036,안성시,미양면,후평리,88,43,45,1,10,안성시,
4155034037,안성시,미양면,마산리,331,179,152,4,54,안성시,
4155034038,안성시,미양면,양변리,580,359,221,11,132,안성시,
4155035021,안성시,대덕면,소현리,189,95,94,3,20,안성시,
4155035022,안성시,대덕면,토현리,70,46,24,0,13,안성시,
4155035023,안성시,대덕면,모산리,500,276,224,9,85,안성시,
4155035024,안성시,대덕면,보동리,225,128,97,2,34,안성시,
4155035025,안성시,대덕면,명당리,263,157,106,2,44,안성시,
4155035026,안성시,대덕면,진현리,1146,586,560,47,336,안성시,
4155035027,안성시,대덕면,건지리,767,448,319,17,184,안성시,
4155035028,안성시,대덕면,내리,3990,2631,1359,57,1309,안성시,
4155035029,안성시,대덕면,대농리,139,60,79,1,13,안성시,
4155035030,안성시,대덕면,죽리,698,423,275,5,123,안성시,
4155035031,안성시,대덕면,신령리,5809,2952,2857,655,2052,안성시,
4155035032,안성시,대덕면,무능리,110,58,52,0,14,안성시,
4155035033,안성시,대덕면,소내리,245,135,110,2,24,안성시,
4155035034,안성시,대덕면,삼한리,240,131,109,1,34,안성시,
4155036021,안성시,양성면,동항리,836,457,379,14,151,안성시,
4155036022,안성시,양성면,구장리,204,115,89,1,43,안성시,
4155036023,안성시,양성면,석화리,107,66,41,1,16,안성시,
4155036024,안성시,양성면,추곡리,37,25,12,0,4,안성시,
4155036025,안성시,양성면,조일리,99,49,50,2,14,안성시,
4155036026,안성시,양성면,도곡리,87,50,37,1,16,안성시,
4155036027,안성시,양성면,산정리,117,55,62,2,12,안성시,
4155036028,안성시,양성면,이현리,175,94,81,18,36,안성시,
4155036029,안성시,양성면,장서리,269,158,111,6,76,안성시,
4155036030,안성시,양성면,난실리,210,116,94,9,26,안성시,
4155036031,안성시,양성면,노곡리,569,301,268,9,96,안성시,
4155036032,안성시,양성면,미산리,683,310,373,9,84,안성시,
4155036033,안성시,양성면,방축리,154,85,69,3,23,안성시,
4155036034,안성시,양성면,필산리,103,56,47,0,14,안성시,
4155036035,안성시,양성면,덕봉리,328,167,161,3,42,안성시,
4155036036,안성시,양성면,명목리,279,141,138,7,42,안성시,
4155036037,안성시,양성면,삼암리,324,159,165,8,39,안성시,
4155036038,안성시,양성면,방신리,404,219,185,6,70,안성시,
4155038021,안성시,원곡면,성은리,346,198,148,3,60,안성시,
4155038022,안성시,원곡면,칠곡리,1083,588,495,31,204,안성시,
4155038023,안성시,원곡면,지문리,425,226,199,8,78,안성시,
4155038024,안성시,원곡면,산하리,224,124,100,6,34,안성시,
4155038025,안성시,원곡면,내가천리,460,256,204,9,78,안성시,
4155038026,안성시,원곡면,외가천리,2322,1382,940,139,861,안성시,
4155038027,안성시,원곡면,반제리,1274,674,600,68,361,안성시,
4155038028,안성시,원곡면,성주리,137,87,50,3,19,안성시,
4155039021,안성시,일죽면,월정리,366,194,172,5,42,안성시,
4155039022,안성시,일죽면,주천리,608,318,290,24,122,안성시,
4155039023,안성시,일죽면,죽림리,197,96,101,8,22,안성시,
4155039024,안성시,일죽면,가리,255,132,123,10,29,안성시,
4155039025,안성시,일죽면,산북리,301,156,145,1,42,안성시,
4155039026,안성시,일죽면,당촌리,299,152,147,4,46,안성시,
4155039027,안성시,일죽면,방초리,406,227,179,12,57,안성시,
4155039028,안성시,일죽면,송천리,1841,915,926,78,393,안성시,
4155039029,안성시,일죽면,고은리,423,238,185,5,62,안성시,
4155039030,안성시,일죽면,화곡리,411,220,191,4,57,안성시,
4155039031,안성시,일죽면,능국리,370,186,184,5,48,안성시,
4155039032,안성시,일죽면,신흥리,559,292,267,32,84,안성시,
4155039033,안성시,일죽면,금산리,353,175,178,8,44,안성시,
4155039034,안성시,일죽면,장암리,153,92,61,3,25,안성시,
4155039035,안성시,일죽면,화봉리,454,242,212,7,53,안성시,
4155040021,안성시,죽산면,죽산리,2081,1097,984,39,417,안성시,
4155040022,안성시,죽산면,매산리,607,308,299,11,73,안성시,
4155040023,안성시,죽산면,장원리,1424,803,621,35,332,안성시,
4155040024,안성시,죽산면,두현리,401,215,186,8,60,안성시,
4155040025,안성시,죽산면,장능리,350,192,158,6,41,안성시,
4155040026,안성시,죽산면,장계리,332,183,149,2,57,안성시,
4155040027,안성시,죽산면,용설리,445,228,217,7,57,안성시,
4155040028,안성시,죽산면,칠장리,304,151,153,2,51,안성시,
4155040029,안성시,죽산면,당목리,306,151,155,6,56,안성시,
4155040030,안성시,죽산면,두교리,279,157,122,0,28,안성시,
4155041000,안성시,삼죽면,,1,1,0,0,0,안성시,
4155041021,안성시,삼죽면,내장리,196,100,96,3,28,안성시,
4155041022,안성시,삼죽면,율곡리,558,292,266,12,84,안성시,
4155041023,안성시,삼죽면,용월리,449,234,215,5,71,안성시,
4155041024,안성시,삼죽면,덕산리,393,197,196,12,64,안성시,
4155041025,안성시,삼죽면,배태리,217,117,100,6,37,안성시,
4155041026,안성시,삼죽면,내강리,277,140,137,1,47,안성시,
4155041027,안성시,삼죽면,진촌리,878,432,446,2,106,안성시,
4155041028,안성시,삼죽면,미장리,281,141,140,6,34,안성시,
4155041029,안성시,삼죽면,마전리,191,98,93,0,18,안성시,
4155041030,안성시,삼죽면,기솔리,205,112,93,2,23,안성시,
4155042021,안성시,고삼면,쌍지리,361,183,178,7,57,안성시,
4155042022,안성시,고삼면,신창리,240,122,118,4,26,안성시,
4155042023,안성시,고삼면,대갈리,214,113,101,10,35,안성시,
4155042024,안성시,고삼면,가유리,523,289,234,12,97,안성시,
4155042025,안성시,고삼면,삼은리,41,27,14,0,6,안성시,
4155042026,안성시,고삼면,봉산리,158,86,72,1,25,안성시,
4155042027,안성시,고삼면,월향리,277,141,136,3,35,안성시,
4157010100,김포시,북변동,,17005,8315,8690,672,3974,김포시,
4157010200,김포시,걸포동,,19334,9487,9847,2326,6797,김포시,
4157010300,김포시,운양동,,49134,23961,25173,5403,17921,김포시,
4157010400,김포시,장기동,,79008,38540,40468,7126,26104,김포시,
4157010500,김포시,감정동,,21500,10516,10984,1209,5542,김포시,
4157010600,김포시,사우동,,20917,10421,10496,1001,5547,김포시,
4157010700,김포시,풍무동,,59867,28901,30966,4766,18697,김포시,
4157010800,김포시,마산동,,35576,17582,17994,4203,13873,김포시,
4157010900,김포시,구래동,,45349,22645,22704,4703,18336,김포시,
4157025021,김포시,통진읍,도사리,3523,1851,1672,150,760,김포시,
4157025022,김포시,통진읍,마송리,19469,10187,9282,1332,6044,김포시,
4157025023,김포시,통진읍,서암리,7906,4180,3726,429,1877,김포시,
4157025024,김포시,통진읍,수참리,469,257,212,9,74,김포시,
4157025025,김포시,통진읍,가현리,1337,752,585,22,263,김포시,
4157025026,김포시,통진읍,동을산리,540,281,259,16,89,김포시,
4157025027,김포시,통진읍,귀전리,531,316,215,6,84,김포시,
4157025028,김포시,통진읍,고정리,537,311,226,6,104,김포시,
4157025029,김포시,통진읍,옹정리,564,330,234,8,96,김포시,
4157025321,김포시,고촌읍,향산리,10335,5100,5235,1439,4174,김포시,
4157025322,김포시,고촌읍,풍곡리,704,374,330,23,141,김포시,
4157025323,김포시,고촌읍,태리,682,357,325,13,119,김포시,
4157025324,김포시,고촌읍,신곡리,38632,19096,19536,3893,13390,김포시,
4157025325,김포시,고촌읍,전호리,221,143,78,5,36,김포시,
4157025621,김포시,양촌읍,양곡리,20982,10620,10362,1263,6354,김포시,
4157025622,김포시,양촌읍,누산리,1310,727,583,21,222,김포시,
4157025623,김포시,양촌읍,석모리,1533,765,768,59,337,김포시,
4157025624,김포시,양촌읍,구래리,1143,621,522,39,263,김포시,
4157025625,김포시,양촌읍,대포리,173,124,49,0,24,김포시,
4157025626,김포시,양촌읍,학운리,4654,2758,1896,274,1375,김포시,
4157025627,김포시,양촌읍,유현리,385,218,167,6,60,김포시,
4157025628,김포시,양촌읍,흥신리,288,160,128,4,48,김포시,
4157034021,김포시,대곶면,대능리,1013,561,452,44,226,김포시,
4157034022,김포시,대곶면,대벽리,1030,560,470,30,184,김포시,
4157034023,김포시,대곶면,약암리,566,317,249,6,69,김포시,
4157034024,김포시,대곶면,상마리,279,175,104,3,52,김포시,
4157034025,김포시,대곶면,율생리,2754,1557,1197,102,578,김포시,
4157034026,김포시,대곶면,초원지리,532,326,206,8,88,김포시,
4157034027,김포시,대곶면,거물대리,350,217,133,2,61,김포시,
4157034028,김포시,대곶면,오니산리,308,177,131,10,57,김포시,
4157034029,김포시,대곶면,송마리,703,459,244,8,129,김포시,
4157034030,김포시,대곶면,석정리,444,296,148,2,100,김포시,
4157034031,김포시,대곶면,쇄암리,305,171,134,2,49,김포시,
4157034032,김포시,대곶면,신안리,264,134,130,5,41,김포시,
4157034033,김포시,대곶면,대명리,699,410,289,23,145,김포시,
4157035021,김포시,월곶면,군하리,791,448,343,8,112,김포시,
4157035022,김포시,월곶면,고막리,944,479,465,37,184,김포시,
4157035023,김포시,월곶면,갈산리,867,526,341,5,133,김포시,
4157035024,김포시,월곶면,고양리,345,209,136,1,53,김포시,
4157035025,김포시,월곶면,포내리,980,538,442,17,171,김포시,
4157035026,김포시,월곶면,성동리,204,110,94,3,34,김포시,
4157035027,김포시,월곶면,보구곶리,129,64,65,1,13,김포시,
4157035028,김포시,월곶면,용강리,261,143,118,3,53,김포시,
4157035029,김포시,월곶면,조강리,151,75,76,4,30,김포시,
4157035030,김포시,월곶면,개곡리,463,267,196,10,64,김포시,
4157036000,김포시,하성면,,1,1,0,0,0,김포시,
4157036021,김포시,하성면,마곡리,2425,1322,1103,69,464,김포시,
4157036022,김포시,하성면,석탄리,1150,628,522,20,203,김포시,
4157036023,김포시,하성면,후평리,742,377,365,14,105,김포시,
4157036024,김포시,하성면,시암리,303,147,156,4,35,김포시,
4157036025,김포시,하성면,마조리,379,202,177,17,52,김포시,
4157036026,김포시,하성면,가금리,326,172,154,5,48,김포시,
4157036027,김포시,하성면,양택리,403,232,171,7,72,김포시,
4157036028,김포시,하성면,원산리,605,387,218,9,110,김포시,
4157036029,김포시,하성면,하사리,256,149,107,4,41,김포시,
4157036030,김포시,하성면,봉성리,479,246,233,8,78,김포시,
4157036031,김포시,하성면,전류리,550,301,249,27,108,김포시,
4157036032,김포시,하성면,마근포리,120,67,53,0,22,김포시,
4159011600,화성시,진안동,,19443,11641,7802,671,7280,화성시,
4159011700,화성시,병점동,,58656,29536,29120,4069,18487,화성시,
4159011800,화성시,능동,,48713,24985,23728,4595,18165,화성시,
4159011900,화성시,기산동,,14689,7426,7263,1469,5233,화성시,
4159012000,화성시,반월동,,37078,18719,18359,4308,14299,화성시,
4159012100,화성시,반정동,,7209,3668,3541,1647,3689,화성시,
4159012200,화성시,황계동,,542,295,247,2,89,화성시,
4159012300,화성시,배양동,,512,274,238,12,86,화성시,
4159012400,화성시,기안동,,15364,7735,7629,1066,4420,화성시,
4159012500,화성시,송산동,,8274,4332,3942,446,2375,화성시,
4159012600,화성시,안녕동,,18995,10083,8912,1465,6163,화성시,
4159012700,화성시,반송동,,69998,35177,34821,5776,23860,화성시,
4159012800,화성시,석우동,,14305,7473,6832,1253,5185,화성시,
4159012900,화성시,오산동,,42637,21586,21051,4792,16960,화성시,
4159013000,화성시,청계동,,53273,26592,26681,6272,20339,화성시,
4159013100,화성시,영천동,,47917,24097,23820,5236,20340,화성시,
4159013200,화성시,중동,,221,121,100,3,60,화성시,
4159013300,화성시,신동,,14919,7667,7252,2150,6889,화성시,
4159013400,화성시,목동,,32094,15926,16168,4566,13620,화성시,
4159013500,화성시,산척동,,43350,21805,21545,5179,17850,화성시,
4159013600,화성시,장지동,,37426,18785,18641,6092,16846,화성시,
4159013700,화성시,송동,,13632,6826,6806,1554,5569,화성시,
4159013800,화성시,방교동,,1480,925,555,46,700,화성시,
4159013900,화성시,금곡동,,862,504,358,21,181,화성시,
4159014000,화성시,새솔동,,26957,13541,13416,3973,10357,화성시,
4159025321,화성시,봉담읍,상리,22761,11499,11262,2740,9189,화성시,
4159025322,화성시,봉담읍,내리,9460,4906,4554,1628,4966,화성시,
4159025323,화성시,봉담읍,수영리,20874,10448,10426,2060,7222,화성시,
4159025324,화성시,봉담읍,동화리,23175,11494,11681,1741,6832,화성시,
4159025325,화성시,봉담읍,와우리,23759,11915,11844,2042,7763,화성시,
4159025326,화성시,봉담읍,수기리,1292,883,409,19,327,화성시,
4159025327,화성시,봉담읍,분천리,644,317,327,6,98,화성시,
4159025328,화성시,봉담읍,왕림리,1665,862,803,46,344,화성시,
4159025329,화성시,봉담읍,세곡리,188,95,93,3,38,화성시,
4159025330,화성시,봉담읍,당하리,679,381,298,18,127,화성시,
4159025331,화성시,봉담읍,마하리,177,104,73,3,19,화성시,
4159025332,화성시,봉담읍,유리,1394,718,676,59,267,화성시,
4159025333,화성시,봉담읍,덕리,571,336,235,43,197,화성시,
4159025334,화성시,봉담읍,덕우리,252,155,97,5,48,화성시,
4159025335,화성시,봉담읍,하가등리,328,184,144,13,66,화성시,
4159025336,화성시,봉담읍,상기리,391,213,178,8,67,화성시,
4159025621,화성시,우정읍,원안리,546,299,247,6,120,화성시,
4159025622,화성시,우정읍,호곡리,1090,591,499,15,210,화성시,
4159025623,화성시,우정읍,운평리,635,345,290,12,87,화성시,
4159025624,화성시,우정읍,한각리,222,131,91,3,33,화성시,
4159025625,화성시,우정읍,멱우리,486,255,231,4,72,화성시,
4159025626,화성시,우정읍,화수리,772,394,378,17,175,화성시,
4159025627,화성시,우정읍,주곡리,878,494,384,14,141,화성시,
4159025628,화성시,우정읍,이화리,954,582,372,24,230,화성시,
4159025629,화성시,우정읍,석천리,751,442,309,16,138,화성시,
4159025630,화성시,우정읍,매향리,1021,574,447,15,161,화성시,
4159025631,화성시,우정읍,화산리,2100,1292,808,69,525,화성시,
4159025632,화성시,우정읍,조암리,7533,4006,3527,323,1868,화성시,
4159025633,화성시,우정읍,국화리,75,37,38,0,7,화성시,
4159025921,화성시,향남읍,평리,1035,563,472,47,260,화성시,
4159025922,화성시,향남읍,발안리,5267,2779,2488,274,1404,화성시,
4159025923,화성시,향남읍,제암리,391,210,181,6,68,화성시,
4159025924,화성시,향남읍,상신리,13323,7895,5428,1079,6116,화성시,
4159025925,화성시,향남읍,구문천리,2013,1469,544,37,785,화성시,
4159025926,화성시,향남읍,하길리,26390,13746,12644,3120,10257,화성시,
4159025927,화성시,향남읍,화리현리,259,146,113,6,61,화성시,
4159025928,화성시,향남읍,상두리,160,88,72,1,23,화성시,
4159025929,화성시,향남읍,백토리,380,223,157,7,64,화성시,
4159025930,화성시,향남읍,길성리,158,94,64,0,29,화성시,
4159025931,화성시,향남읍,요리,160,100,60,5,25,화성시,
4159025932,화성시,향남읍,수직리,339,192,147,11,63,화성시,
4159025933,화성시,향남읍,갈천리,153,84,69,2,21,화성시,
4159025934,화성시,향남읍,증거리,180,111,69,3,38,화성시,
4159025935,화성시,향남읍,송곡리,246,159,87,1,42,화성시,
4159025936,화성시,향남읍,동오리,348,243,105,5,84,화성시,
4159025937,화성시,향남읍,관리,302,174,128,9,69,화성시,
4159025938,화성시,향남읍,도이리,529,281,248,21,101,화성시,
4159025939,화성시,향남읍,행정리,30100,15453,14647,2189,9490,화성시,
4159025940,화성시,향남읍,방축리,104,60,44,8,25,화성시,
4159025941,화성시,향남읍,장짐리,3495,1851,1644,136,795,화성시,
4159026200,화성시,남양읍,,2,0,2,0,1,화성시,
4159026221,화성시,남양읍,남양리,39451,21503,17948,3366,14029,화성시,
4159026222,화성시,남양읍,신남리,14611,7619,6992,1507,5066,화성시,
4159026223,화성시,남양읍,장덕리,649,375,274,9,126,화성시,
4159026224,화성시,남양읍,안석리,561,313,248,12,102,화성시,
4159026225,화성시,남양읍,활초리,835,474,361,31,191,화성시,
4159026226,화성시,남양읍,온석리,329,206,123,0,50,화성시,
4159026227,화성시,남양읍,무송리,1048,596,452,33,269,화성시,
4159026228,화성시,남양읍,북양리,630,377,253,8,163,화성시,
4159026229,화성시,남양읍,송림리,355,207,148,3,64,화성시,
4159026230,화성시,남양읍,수화리,246,133,113,9,39,화성시,
4159026231,화성시,남양읍,장전리,184,100,84,2,31,화성시,
4159026232,화성시,남양읍,신외리,255,132,123,5,39,화성시,
4159026233,화성시,남양읍,문호리,226,138,88,1,19,화성시,
4159026234,화성시,남양읍,시리,207,111,96,1,36,화성시,
4159026235,화성시,남양읍,원천리,235,122,113,2,30,화성시,
4159031021,화성시,매송면,천천리,1659,888,771,23,338,화성시,
4159031022,화성시,매송면,원평리,2006,1057,949,58,413,화성시,
4159031023,화성시,매송면,어천리,456,248,208,11,84,화성시,
4159031024,화성시,매송면,숙곡리,262,144,118,5,44,화성시,
4159031025,화성시,매송면,야목리,1516,821,695,37,284,화성시,
4159031026,화성시,매송면,송라리,307,166,141,1,37,화성시,
4159031027,화성시,매송면,원리,195,99,96,3,27,화성시,
4159032000,화성시,비봉면,,4,3,1,1,3,화성시,
4159032021,화성시,비봉면,양노리,2057,1196,861,79,463,화성시,
4159032022,화성시,비봉면,남전리,298,167,131,0,34,화성시,
4159032023,화성시,비봉면,유포리,282,147,135,4,46,화성시,
4159032024,화성시,비봉면,삼화리,7065,3788,3277,874,3311,화성시,
4159032025,화성시,비봉면,구포리,1718,1005,713,44,467,화성시,
4159032026,화성시,비봉면,쌍학리,478,267,211,4,65,화성시,
4159032027,화성시,비봉면,청요리,331,191,140,7,34,화성시,
4159032028,화성시,비봉면,자안리,415,258,157,3,67,화성시,
4159033021,화성시,마도면,석교리,987,567,420,28,192,화성시,
4159033022,화성시,마도면,두곡리,1554,871,683,38,357,화성시,
4159033023,화성시,마도면,송정리,462,268,194,8,78,화성시,
4159033024,화성시,마도면,쌍송리,893,671,222,9,350,화성시,
4159033025,화성시,마도면,청원리,903,581,322,18,237,화성시,
4159033026,화성시,마도면,슬항리,367,203,164,3,47,화성시,
4159033027,화성시,마도면,해문리,350,189,161,7,51,화성시,
4159033028,화성시,마도면,백곡리,386,227,159,7,63,화성시,
4159033029,화성시,마도면,금당리,414,224,190,9,60,화성시,
4159033030,화성시,마도면,고모리,279,152,127,9,43,화성시,
4159034021,화성시,송산면,사강리,3425,1809,1616,121,812,화성시,
4159034022,화성시,송산면,봉가리,939,557,382,31,177,화성시,
4159034023,화성시,송산면,삼존리,744,436,308,22,140,화성시,
4159034024,화성시,송산면,용포리,322,184,138,3,32,화성시,
4159034025,화성시,송산면,고정리,533,287,246,12,75,화성시,
4159034026,화성시,송산면,쌍정리,430,252,178,5,83,화성시,
4159034027,화성시,송산면,천등리,275,144,131,4,41,화성시,
4159034028,화성시,송산면,신천리,229,127,102,3,19,화성시,
4159034029,화성시,송산면,독지리,503,279,224,10,83,화성시,
4159034030,화성시,송산면,마산리,427,219,208,12,59,화성시,
4159034031,화성시,송산면,고포리,626,344,282,7,87,화성시,
4159034032,화성시,송산면,지화리,316,176,140,2,50,화성시,
4159034033,화성시,송산면,중송리,378,221,157,7,63,화성시,
4159034034,화성시,송산면,육일리,1151,632,519,45,246,화성시,
4159034035,화성시,송산면,칠곡리,250,151,99,2,35,화성시,
4159035021,화성시,서신면,전곡리,659,414,245,8,114,화성시,
4159035022,화성시,서신면,상안리,776,437,339,13,135,화성시,
4159035023,화성시,서신면,광평리,374,211,163,3,66,화성시,
4159035024,화성시,서신면,장외리,525,298,227,9,83,화성시,
4159035025,화성시,서신면,송교리,734,401,333,13,116,화성시,
4159035026,화성시,서신면,제부리,509,271,238,16,85,화성시,
4159035027,화성시,서신면,홍법리,282,139,143,2,41,화성시,
4159035028,화성시,서신면,사곳리,310,166,144,4,37,화성시,
4159035029,화성시,서신면,매화리,1076,597,479,22,196,화성시,
4159035030,화성시,서신면,용두리,583,310,273,6,82,화성시,
4159035031,화성시,서신면,궁평리,861,451,410,18,131,화성시,
4159035032,화성시,서신면,백미리,468,268,200,8,108,화성시,
4159036000,화성시,팔탄면,,17,15,2,0,7,화성시,
4159036021,화성시,팔탄면,하저리,459,275,184,0,86,화성시,
4159036022,화성시,팔탄면,창곡리,385,248,137,2,81,화성시,
4159036023,화성시,팔탄면,기천리,875,436,439,27,141,화성시,
4159036024,화성시,팔탄면,가재리,1741,1011,730,45,383,화성시,
4159036025,화성시,팔탄면,구장리,1870,1158,712,66,436,화성시,
4159036026,화성시,팔탄면,율암리,858,615,243,9,177,화성시,
4159036027,화성시,팔탄면,노하리,567,319,248,5,90,화성시,
4159036028,화성시,팔탄면,덕천리,328,190,138,8,65,화성시,
4159036029,화성시,팔탄면,지월리,320,197,123,3,68,화성시,
4159036030,화성시,팔탄면,덕우리,390,253,137,6,97,화성시,
4159036031,화성시,팔탄면,서근리,307,206,101,7,62,화성시,
4159036032,화성시,팔탄면,월문리,282,157,125,12,43,화성시,
4159036033,화성시,팔탄면,화당리,101,59,42,2,25,화성시,
4159036034,화성시,팔탄면,고주리,281,174,107,3,62,화성시,
4159036035,화성시,팔탄면,매곡리,276,162,114,2,32,화성시,
4159036036,화성시,팔탄면,해창리,293,179,114,3,61,화성시,
4159037021,화성시,장안면,어은리,1036,629,407,40,233,화성시,
4159037022,화성시,장안면,석포리,1038,646,392,18,203,화성시,
4159037023,화성시,장안면,수촌리,1027,670,357,25,233,화성시,
4159037024,화성시,장안면,독정리,1325,781,544,28,212,화성시,
4159037025,화성시,장안면,장안리,1125,618,507,14,181,화성시,
4159037026,화성시,장안면,덕다리,268,145,123,13,39,화성시,
4159037027,화성시,장안면,사랑리,511,300,211,8,95,화성시,
4159037028,화성시,장안면,금의리,303,191,112,2,55,화성시,
4159037029,화성시,장안면,사곡리,2323,1223,1100,101,510,화성시,
4159037030,화성시,장안면,노진리,593,323,270,8,78,화성시,
4159040021,화성시,양감면,신왕리,727,433,294,15,137,화성시,
4159040022,화성시,양감면,사창리,602,384,218,10,127,화성시,
4159040023,화성시,양감면,정문리,223,127,96,4,25,화성시,
4159040024,화성시,양감면,송산리,519,327,192,9,126,화성시,
4159040025,화성시,양감면,용소리,391,228,163,7,57,화성시,
4159040026,화성시,양감면,요당리,492,326,166,4,101,화성시,
4159040027,화성시,양감면,대양리,919,564,355,23,201,화성시,
4159041021,화성시,정남면,발산리,2031,1170,861,79,496,화성시,
4159041022,화성시,정남면,괘랑리,1005,567,438,27,205,화성시,
4159041023,화성시,정남면,보통리,1211,792,419,23,291,화성시,
4159041024,화성시,정남면,관항리,450,250,200,8,85,화성시,
4159041025,화성시,정남면,오일리,184,114,70,1,24,화성시,
4159041026,화성시,정남면,백리,348,212,136,5,78,화성시,
4159041027,화성시,정남면,문학리,896,523,373,17,201,화성시,
4159041028,화성시,정남면,신리,971,568,403,16,193,화성시,
4159041029,화성시,정남면,계향리,410,229,181,7,79,화성시,
4159041030,화성시,정남면,귀래리,228,144,84,4,44,화성시,
4159041031,화성시,정남면,제기리,200,121,79,4,34,화성시,
4159041032,화성시,정남면,덕절리,1135,653,482,29,296,화성시,
4159041033,화성시,정남면,음양리,213,130,83,3,36,화성시,
4159041034,화성시,정남면,망월리,212,122,90,6,49,화성시,
4159041035,화성시,정남면,수면리,243,132,111,3,51,화성시,
4159041036,화성시,정남면,내리,171,101,70,0,27,화성시,
4159041037,화성시,정남면,금복리,134,71,63,4,25,화성시,
4159041038,화성시,정남면,고지리,344,194,150,2,56,화성시,
4159041039,화성시,정남면,용수리,163,101,62,3,33,화성시,
4161010100,광주시,경안동,,13512,7026,6486,563,3499,광주시,
4161010200,광주시,쌍령동,,17355,8710,8645,1307,5154,광주시,
4161010300,광주시,송정동,,22811,11545,11266,1394,6421,광주시,
4161010400,광주시,회덕동,,9756,5032,4724,563,2860,광주시,
4161010500,광주시,탄벌동,,19419,9744,9675,1340,5581,광주시,
4161010600,광주시,목현동,,13221,6730,6491,533,3593,광주시,
4161010700,광주시,삼동,,8445,4307,4138,476,2544,광주시,
4161010800,광주시,중대동,,3930,2008,1922,146,1089,광주시,
4161010900,광주시,직동,,456,240,216,7,94,광주시,
4161011000,광주시,태전동,,40364,20122,20242,4232,13976,광주시,
4161011100,광주시,장지동,,10179,5200,4979,666,2999,광주시,
4161011200,광주시,역동,,14503,7333,7170,1677,5329,광주시,
4161011300,광주시,목동,,1156,624,532,32,229,광주시,
4161011400,광주시,고산동,,16673,8305,8368,2989,7234,광주시,
4161011500,광주시,신현동,,35669,17764,17905,2453,12761,광주시,
4161011600,광주시,능평동,,22497,11232,11265,1554,7374,광주시,
4161011700,광주시,문형동,,9239,4801,4438,508,2558,광주시,
4161011800,광주시,추자동,,4268,2230,2038,309,1262,광주시,
4161011900,광주시,매산동,,6596,3438,3158,375,1764,광주시,
4161012000,광주시,양벌동,,25727,12998,12729,1801,7698,광주시,
4161025321,광주시,초월읍,대쌍령리,9189,4718,4471,498,2624,광주시,
4161025322,광주시,초월읍,쌍동리,16640,8418,8222,1668,6000,광주시,
4161025323,광주시,초월읍,산이리,7631,3842,3789,433,2047,광주시,
4161025324,광주시,초월읍,늑현리,423,236,187,18,96,광주시,
4161025325,광주시,초월읍,학동리,665,389,276,10,128,광주시,
4161025326,광주시,초월읍,선동리,483,302,181,10,86,광주시,
4161025327,광주시,초월읍,용수리,1797,1041,756,60,431,광주시,
4161025328,광주시,초월읍,신월리,830,511,319,44,170,광주시,
4161025329,광주시,초월읍,지월리,6695,3507,3188,315,1786,광주시,
4161025330,광주시,초월읍,무갑리,910,496,414,13,167,광주시,
4161025331,광주시,초월읍,서하리,329,178,151,3,52,광주시,
4161025332,광주시,초월읍,도평리,6147,3065,3082,442,1652,광주시,
4161025921,광주시,곤지암읍,곤지암리,7384,3889,3495,321,1866,광주시,
4161025922,광주시,곤지암읍,수양리,993,563,430,34,190,광주시,
4161025923,광주시,곤지암읍,신촌리,349,208,141,9,74,광주시,
4161025924,광주시,곤지암읍,봉현리,368,202,166,8,62,광주시,
4161025925,광주시,곤지암읍,부항리,400,213,187,5,70,광주시,
4161025926,광주시,곤지암읍,이선리,230,127,103,3,37,광주시,
4161025927,광주시,곤지암읍,만선리,635,378,257,16,107,광주시,
4161025928,광주시,곤지암읍,유사리,236,130,106,8,40,광주시,
4161025929,광주시,곤지암읍,삼합리,362,197,165,7,49,광주시,
4161025930,광주시,곤지암읍,건업리,460,270,190,9,96,광주시,
4161025931,광주시,곤지암읍,장심리,438,228,210,10,68,광주시,
4161025932,광주시,곤지암읍,연곡리,503,270,233,5,117,광주시,
4161025933,광주시,곤지암읍,오향리,839,474,365,35,209,광주시,
4161025934,광주시,곤지암읍,열미리,1407,768,639,58,351,광주시,
4161025935,광주시,곤지암읍,신대리,718,421,297,6,182,광주시,
4161025936,광주시,곤지암읍,삼리,6051,3204,2847,360,1732,광주시,
4161033021,광주시,도척면,노곡리,1344,764,580,42,328,광주시,
4161033022,광주시,도척면,유정리,659,363,296,15,104,광주시,
4161033023,광주시,도척면,방도리,575,327,248,8,86,광주시,
4161033024,광주시,도척면,추곡리,305,153,152,6,44,광주시,
4161033025,광주시,도척면,상림리,602,307,295,12,99,광주시,
4161033026,광주시,도척면,도웅리,838,469,369,15,175,광주시,
4161033027,광주시,도척면,궁평리,1569,885,684,67,415,광주시,
4161033028,광주시,도척면,진우리,3155,1697,1458,124,730,광주시,
4161034021,광주시,퇴촌면,광동리,3317,1679,1638,143,745,광주시,
4161034022,광주시,퇴촌면,관음리,5670,2829,2841,245,1243,광주시,
4161034023,광주시,퇴촌면,우산리,461,226,235,6,74,광주시,
4161034024,광주시,퇴촌면,영동리,505,269,236,6,69,광주시,
4161034025,광주시,퇴촌면,도수리,4086,2097,1989,197,954,광주시,
4161034026,광주시,퇴촌면,오리,169,89,80,4,32,광주시,
4161034027,광주시,퇴촌면,도마리,192,114,78,6,23,광주시,
4161034028,광주시,퇴촌면,무수리,47,30,17,0,4,광주시,
4161034029,광주시,퇴촌면,원당리,737,355,382,38,165,광주시,
4161034030,광주시,퇴촌면,정지리,327,178,149,1,37,광주시,
4161035021,광주시,남종면,분원리,296,173,123,2,48,광주시,
4161035022,광주시,남종면,금사리,120,67,53,3,17,광주시,
4161035023,광주시,남종면,이석리,63,33,30,0,8,광주시,
4161035024,광주시,남종면,삼성리,183,96,87,0,22,광주시,
4161035025,광주시,남종면,귀여리,333,175,158,1,44,광주시,
4161035026,광주시,남종면,검천리,223,114,109,0,30,광주시,
4161035027,광주시,남종면,수청리,160,87,73,1,16,광주시,
4161037021,광주시,남한산성면,산성리,307,138,169,11,64,광주시,
4161037022,광주시,남한산성면,엄미리,317,171,146,4,39,광주시,
4161037023,광주시,남한산성면,광지원리,203,107,96,2,34,광주시,
4161037024,광주시,남한산성면,상번천리,427,220,207,3,59,광주시,
4161037025,광주시,남한산성면,하번천리,208,110,98,10,33,광주시,
4161037026,광주시,남한산성면,오전리,218,112,106,7,42,광주시,
4161037027,광주시,남한산성면,불당리,320,164,156,41,97,광주시,
4161037028,광주시,남한산성면,검복리,217,121,96,27,58,광주시,
4163010100,양주시,유양동,,615,343,272,8,88,양주시,
4163010200,양주시,어둔동,,320,165,155,9,58,양주시,
4163010300,양주시,남방동,,923,482,441,12,153,양주시,
4163010400,양주시,마전동,,447,235,212,4,65,양주시,
4163010500,양주시,산북동,,2199,1099,1100,67,405,양주시,
4163010600,양주시,광사동,,11192,5636,5556,682,3257,양주시,
4163010700,양주시,만송동,,8276,3880,4396,355,1813,양주시,
4163010800,양주시,삼숭동,,21330,10472,10858,1447,5517,양주시,
4163010900,양주시,고읍동,,8470,4079,4391,569,2111,양주시,
4163011000,양주시,덕정동,,16865,8498,8367,1108,4311,양주시,
4163011100,양주시,봉양동,,1025,634,391,12,165,양주시,
4163011200,양주시,회암동,,832,470,362,17,136,양주시,
4163011300,양주시,율정동,,417,250,167,7,82,양주시,
4163011400,양주시,옥정동,,96323,47890,48433,11904,37066,양주시,
4163011500,양주시,고암동,,15715,7750,7965,768,3850,양주시,
4163011600,양주시,덕계동,,39195,19624,19571,3726,12975,양주시,
4163011700,양주시,회정동,,6377,3272,3105,342,1686,양주시,
4163025021,양주시,백석읍,방성리,5838,3067,2771,154,1153,양주시,
4163025022,양주시,백석읍,오산리,3319,1720,1599,102,650,양주시,
4163025023,양주시,백석읍,복지리,9058,4408,4650,361,1894,양주시,
4163025024,양주시,백석읍,가업리,4486,2221,2265,157,961,양주시,
4163025025,양주시,백석읍,홍죽리,1708,883,825,82,426,양주시,
4163025026,양주시,백석읍,연곡리,618,342,276,10,110,양주시,
4163025027,양주시,백석읍,기산리,458,240,218,2,56,양주시,
4163031021,양주시,은현면,용암리,1103,649,454,24,208,양주시,
4163031022,양주시,은현면,선암리,1085,621,464,9,168,양주시,
4163031023,양주시,은현면,운암리,658,377,281,7,117,양주시,
4163031024,양주시,은현면,봉암리,850,488,362,8,123,양주시,
4163031025,양주시,은현면,하패리,880,498,382,12,156,양주시,
4163031026,양주시,은현면,도하리,577,323,254,7,92,양주시,
4163032021,양주시,남면,신산리,2591,1444,1147,153,682,양주시,
4163032022,양주시,남면,신암리,326,185,141,4,40,양주시,
4163032023,양주시,남면,매곡리,298,133,165,4,42,양주시,
4163032024,양주시,남면,구암리,380,216,164,6,50,양주시,
4163032025,양주시,남면,두곡리,153,81,72,0,16,양주시,
4163032026,양주시,남면,경신리,243,161,82,2,44,양주시,
4163032027,양주시,남면,상수리,930,549,381,15,155,양주시,
4163032028,양주시,남면,입암리,364,220,144,5,69,양주시,
4163032029,양주시,남면,한산리,520,293,227,8,88,양주시,
4163032030,양주시,남면,황방리,292,161,131,4,35,양주시,
4163033021,양주시,광적면,가납리,4759,2585,2174,221,1109,양주시,
4163033022,양주시,광적면,광석리,1286,668,618,37,233,양주시,
4163033023,양주시,광적면,우고리,588,248,340,7,90,양주시,
4163033024,양주시,광적면,비암리,352,175,177,2,48,양주시,
4163033025,양주시,광적면,효촌리,521,280,241,12,76,양주시,
4163033026,양주시,광적면,덕도리,734,430,304,12,112,양주시,
4163033027,양주시,광적면,석우리,2361,1364,997,59,451,양주시,
4163034021,양주시,장흥면,교현리,967,545,422,79,250,양주시,
4163034022,양주시,장흥면,울대리,673,377,296,44,219,양주시,
4163034023,양주시,장흥면,부곡리,5037,2421,2616,177,995,양주시,
4163034024,양주시,장흥면,석현리,414,211,203,11,60,양주시,
4163034025,양주시,장흥면,일영리,3224,1595,1629,112,628,양주시,
4163034026,양주시,장흥면,삼상리,925,501,424,23,148,양주시,
4163034027,양주시,장흥면,삼하리,684,370,314,13,96,양주시,
4165010100,포천시,신읍동,,15341,7717,7624,678,3331,포천시,
4165010200,포천시,어룡동,,3890,1985,1905,278,1193,포천시,
4165010300,포천시,자작동,,693,374,319,13,98,포천시,
4165010400,포천시,선단동,,11111,5912,5199,431,2540,포천시,
4165010500,포천시,설운동,,1166,692,474,23,220,포천시,
4165010600,포천시,동교동,,1014,575,439,9,154,포천시,
4165025021,포천시,소흘읍,송우리,27899,13866,14033,1526,6599,포천시,
4165025022,포천시,소흘읍,이동교리,5647,2933,2714,271,1274,포천시,
4165025023,포천시,소흘읍,무림리,811,418,393,19,150,포천시,
4165025024,포천시,소흘읍,이곡리,894,456,438,28,158,포천시,
4165025025,포천시,소흘읍,직동리,1327,675,652,36,206,포천시,
4165025026,포천시,소흘읍,고모리,947,522,425,24,145,포천시,
4165025027,포천시,소흘읍,이가팔리,1379,794,585,42,274,포천시,
4165025028,포천시,소흘읍,초가팔리,3267,1723,1544,121,681,포천시,
4165025029,포천시,소흘읍,무봉리,670,394,276,8,101,포천시,
4165031021,포천시,군내면,구읍리,4447,2295,2152,456,1393,포천시,
4165031022,포천시,군내면,용정리,1282,669,613,55,445,포천시,
4165031023,포천시,군내면,유교리,816,458,358,14,138,포천시,
4165031024,포천시,군내면,좌의리,403,230,173,7,55,포천시,
4165031025,포천시,군내면,명산리,194,106,88,1,25,포천시,
4165031026,포천시,군내면,직두리,936,504,432,17,173,포천시,
4165031027,포천시,군내면,상성북리,577,322,255,17,110,포천시,
4165031028,포천시,군내면,하성북리,1114,593,521,16,172,포천시,
4165032021,포천시,내촌면,진목리,621,378,243,6,86,포천시,
4165032022,포천시,내촌면,마명리,426,269,157,9,75,포천시,
4165032023,포천시,내촌면,음현리,721,432,289,12,114,포천시,
4165032024,포천시,내촌면,내리,1687,946,741,29,273,포천시,
4165032025,포천시,내촌면,소학리,445,262,183,2,61,포천시,
4165032026,포천시,내촌면,신팔리,267,144,123,2,39,포천시,
4165033021,포천시,가산면,마산리,1946,1122,824,63,386,포천시,
4165033022,포천시,가산면,감암리,524,301,223,9,80,포천시,
4165033023,포천시,가산면,방축리,805,493,312,6,110,포천시,
4165033024,포천시,가산면,가산리,676,406,270,10,110,포천시,
4165033025,포천시,가산면,정교리,717,431,286,13,110,포천시,
4165033026,포천시,가산면,금현리,1101,687,414,6,174,포천시,
4165033027,포천시,가산면,우금리,584,333,251,5,87,포천시,
4165033028,포천시,가산면,마전리,537,312,225,7,96,포천시,
4165034021,포천시,신북면,가채리,3861,2044,1817,186,888,포천시,
4165034022,포천시,신북면,기지리,3002,1645,1357,97,662,포천시,
4165034023,포천시,신북면,신평리,1067,702,365,10,175,포천시,
4165034024,포천시,신북면,만세교리,433,246,187,5,73,포천시,
4165034025,포천시,신북면,심곡리,952,551,401,63,197,포천시,
4165034026,포천시,신북면,계류리,462,242,220,8,67,포천시,
4165034027,포천시,신북면,고일리,191,111,80,3,29,포천시,
4165034028,포천시,신북면,삼성당리,265,137,128,7,35,포천시,
4165034029,포천시,신북면,삼정리,218,119,99,3,36,포천시,
4165034030,포천시,신북면,갈월리,348,188,160,12,38,포천시,
4165034031,포천시,신북면,금동리,223,121,102,2,25,포천시,
4165034032,포천시,신북면,덕둔리,220,120,100,3,27,포천시,
4165035021,포천시,창수면,추동리,426,239,187,14,54,포천시,
4165035022,포천시,창수면,주원리,509,267,242,10,48,포천시,
4165035023,포천시,창수면,가양리,308,178,130,0,31,포천시,
4165035024,포천시,창수면,오가리,513,272,241,5,60,포천시,
4165035025,포천시,창수면,고소성리,134,89,45,0,16,포천시,
4165035026,포천시,창수면,운산리,116,62,54,0,8,포천시,
4165036021,포천시,영중면,양문리,1579,863,716,25,226,포천시,
4165036022,포천시,영중면,금주리,912,494,418,28,114,포천시,
4165036023,포천시,영중면,거사리,519,252,267,12,82,포천시,
4165036024,포천시,영중면,성동리,867,464,403,12,119,포천시,
4165036025,포천시,영중면,영평리,341,172,169,5,44,포천시,
4165036026,포천시,영중면,영송리,284,169,115,6,49,포천시,
4165037021,포천시,일동면,길명리,445,250,195,6,50,포천시,
4165037022,포천시,일동면,유동리,466,250,216,8,61,포천시,
4165037023,포천시,일동면,기산리,5528,2881,2647,259,1314,포천시,
4165037024,포천시,일동면,화대리,687,370,317,16,104,포천시,
4165037025,포천시,일동면,사직리,705,384,321,11,89,포천시,
4165037026,포천시,일동면,수입리,1038,511,527,14,131,포천시,
4165038021,포천시,이동면,장암리,2023,1079,944,191,580,포천시,
4165038022,포천시,이동면,도평리,899,484,415,23,107,포천시,
4165038023,포천시,이동면,연곡리,878,466,412,14,130,포천시,
4165038024,포천시,이동면,노곡리,1717,959,758,115,454,포천시,
4165039021,포천시,영북면,운천리,5116,2779,2337,395,1284,포천시,
4165039022,포천시,영북면,자일리,659,357,302,12,82,포천시,
4165039023,포천시,영북면,산정리,579,297,282,11,97,포천시,
4165039024,포천시,영북면,야미리,490,278,212,2,63,포천시,
4165039025,포천시,영북면,문암리,290,162,128,2,34,포천시,
4165039026,포천시,영북면,대회산리,137,69,68,2,12,포천시,
4165039027,포천시,영북면,소회산리,129,71,58,0,9,포천시,
4165040021,포천시,관인면,중리,336,175,161,6,33,포천시,
4165040022,포천시,관인면,삼율리,195,110,85,1,18,포천시,
4165040023,포천시,관인면,초과리,529,266,263,5,64,포천시,
4165040024,포천시,관인면,탄동리,804,416,388,8,105,포천시,
4165040025,포천시,관인면,냉정리,442,235,207,9,53,포천시,
4165040026,포천시,관인면,사정리,200,106,94,6,20,포천시,
4165041021,포천시,화현면,화현리,1402,747,655,90,349,포천시,
4165041022,포천시,화현면,명덕리,399,220,179,9,59,포천시,
4165041023,포천시,화현면,지현리,537,291,246,9,73,포천시,
4167010100,여주시,상동,,2589,1302,1287,95,546,여주시,
4167010200,여주시,홍문동,,6091,2992,3099,261,1426,여주시,
4167010300,여주시,창동,,1879,932,947,54,399,여주시,
4167010400,여주시,우만동,,380,195,185,9,70,여주시,
4167010500,여주시,단현동,,249,119,130,12,55,여주시,
4167010600,여주시,신진동,,319,163,156,14,58,여주시,
4167010700,여주시,하동,,4731,2417,2314,148,996,여주시,
4167010800,여주시,교동,,14110,6941,7169,1562,4908,여주시,
4167010900,여주시,월송동,,3634,1811,1823,248,962,여주시,
4167011000,여주시,가업동,,312,166,146,5,75,여주시,
4167011100,여주시,연라동,,717,390,327,22,151,여주시,
4167011200,여주시,상거동,,286,147,139,7,47,여주시,
4167011300,여주시,하거동,,381,201,180,12,71,여주시,
4167011400,여주시,삼교동,,656,341,315,15,121,여주시,
4167011500,여주시,점봉동,,5871,3067,2804,225,1665,여주시,
4167011600,여주시,능현동,,654,320,334,19,120,여주시,
4167011700,여주시,멱곡동,,1075,521,554,63,267,여주시,
4167011800,여주시,연양동,,1634,832,802,103,398,여주시,
4167011900,여주시,매룡동,,453,224,229,17,83,여주시,
4167012000,여주시,천송동,,3647,1858,1789,233,1031,여주시,
4167012100,여주시,오학동,,5382,2599,2783,446,1612,여주시,
4167012200,여주시,현암동,,8720,4331,4389,687,2586,여주시,
4167012300,여주시,오금동,,459,252,207,16,101,여주시,
4167025021,여주시,가남읍,태평리,3279,1776,1503,131,878,여주시,
4167025022,여주시,가남읍,상활리,310,168,142,5,38,여주시,
4167025023,여주시,가남읍,신해리,3905,1999,1906,233,1135,여주시,
4167025024,여주시,가남읍,대신리,346,189,157,0,40,여주시,
4167025025,여주시,가남읍,은봉리,321,163,158,2,36,여주시,
4167025026,여주시,가남읍,건장리,298,153,145,8,66,여주시,
4167025027,여주시,가남읍,심석리,1987,995,992,78,419,여주시,
4167025028,여주시,가남읍,삼군리,488,262,226,21,69,여주시,
4167025029,여주시,가남읍,오산리,189,105,84,4,29,여주시,
4167025030,여주시,가남읍,정단리,146,78,68,0,22,여주시,
4167025031,여주시,가남읍,화평리,244,126,118,1,30,여주시,
4167025032,여주시,가남읍,본두리,554,304,250,20,154,여주시,
4167025033,여주시,가남읍,하귀리,136,71,65,5,18,여주시,
4167025034,여주시,가남읍,안금리,255,143,112,6,39,여주시,
4167025035,여주시,가남읍,양귀리,348,192,156,6,69,여주시,
4167025036,여주시,가남읍,연대리,221,116,105,9,35,여주시,
4167025037,여주시,가남읍,금당리,407,219,188,8,62,여주시,
4167025038,여주시,가남읍,금곡리,187,99,88,4,31,여주시,
4167025039,여주시,가남읍,송림리,243,129,114,3,33,여주시,
4167025040,여주시,가남읍,삼승리,260,143,117,3,30,여주시,
4167031021,여주시,점동면,청안리,1225,663,562,93,237,여주시,
4167031022,여주시,점동면,부구리,149,73,76,3,18,여주시,
4167031023,여주시,점동면,덕평리,430,219,211,8,50,여주시,
4167031024,여주시,점동면,원부리,189,102,87,2,23,여주시,
4167031025,여주시,점동면,관한리,210,94,116,6,25,여주시,
4167031026,여주시,점동면,뇌곡리,203,99,104,0,23,여주시,
4167031027,여주시,점동면,성신리,155,79,76,1,10,여주시,
4167031028,여주시,점동면,당진리,277,144,133,2,39,여주시,
4167031029,여주시,점동면,현수리,179,92,87,0,17,여주시,
4167031030,여주시,점동면,사곡리,192,98,94,5,31,여주시,
4167031031,여주시,점동면,장안리,359,175,184,4,50,여주시,
4167031032,여주시,점동면,삼합리,211,107,104,5,21,여주시,
4167031033,여주시,점동면,도리,146,73,73,0,17,여주시,
4167031034,여주시,점동면,흔암리,244,128,116,5,44,여주시,
4167031035,여주시,점동면,처리,482,252,230,6,75,여주시,
4167032021,여주시,흥천면,복대리,351,189,162,8,50,여주시,
4167032022,여주시,흥천면,계신리,237,133,104,5,42,여주시,
4167032023,여주시,흥천면,문장리,390,207,183,14,51,여주시,
4167032024,여주시,흥천면,내사리,123,60,63,0,12,여주시,
4167032025,여주시,흥천면,외사리,661,333,328,23,95,여주시,
4167032026,여주시,흥천면,상대리,324,185,139,6,51,여주시,
4167032027,여주시,흥천면,다대리,293,166,127,5,44,여주시,
4167032028,여주시,흥천면,하다리,248,132,116,7,34,여주시,
4167032029,여주시,흥천면,상백리,186,94,92,3,15,여주시,
4167032030,여주시,흥천면,귀백리,356,184,172,5,52,여주시,
4167032031,여주시,흥천면,율극리,285,150,135,5,45,여주시,
4167032032,여주시,흥천면,효지리,507,269,238,14,98,여주시,
4167032033,여주시,흥천면,대당리,422,222,200,9,69,여주시,
4167032034,여주시,흥천면,신근리,520,279,241,7,82,여주시,
4167033021,여주시,금사면,이포리,748,387,361,19,108,여주시,
4167033022,여주시,금사면,궁리,233,133,100,4,35,여주시,
4167033023,여주시,금사면,도곡리,271,135,136,6,26,여주시,
4167033024,여주시,금사면,장흥리,98,50,48,1,13,여주시,
4167033025,여주시,금사면,주록리,167,90,77,1,17,여주시,
4167033026,여주시,금사면,전북리,244,126,118,5,30,여주시,
4167033027,여주시,금사면,소유리,125,64,61,0,18,여주시,
4167033028,여주시,금사면,상호리,153,81,72,3,20,여주시,
4167033029,여주시,금사면,하호리,148,75,73,1,17,여주시,
4167033030,여주시,금사면,금사리,282,137,145,2,47,여주시,
4167033031,여주시,금사면,외평리,387,196,191,7,48,여주시,
4167034521,여주시,세종대왕면,번도리,1030,523,507,20,197,여주시,
4167034522,여주시,세종대왕면,구양리,199,98,101,2,27,여주시,
4167034523,여주시,세종대왕면,왕대리,693,329,364,27,107,여주시,
4167034524,여주시,세종대왕면,백석리,374,197,177,10,46,여주시,
4167034525,여주시,세종대왕면,내양리,354,181,173,15,59,여주시,
4167034526,여주시,세종대왕면,용은리,400,216,184,6,59,여주시,
4167034527,여주시,세종대왕면,매화리,181,95,86,3,21,여주시,
4167034528,여주시,세종대왕면,양거리,194,99,95,8,29,여주시,
4167034529,여주시,세종대왕면,마래리,264,141,123,7,46,여주시,
4167034530,여주시,세종대왕면,광대리,430,219,211,11,70,여주시,
4167034531,여주시,세종대왕면,오계리,350,169,181,6,52,여주시,
4167034532,여주시,세종대왕면,매류리,438,223,215,6,71,여주시,
4167034533,여주시,세종대왕면,신지리,808,448,360,38,170,여주시,
4167035021,여주시,대신면,후포리,471,245,226,9,63,여주시,
4167035022,여주시,대신면,당산리,270,140,130,8,39,여주시,
4167035023,여주시,대신면,가산리,382,208,174,4,41,여주시,
4167035024,여주시,대신면,천남리,410,214,196,7,47,여주시,
4167035025,여주시,대신면,하림리,312,160,152,6,36,여주시,
4167035026,여주시,대신면,상구리,286,153,133,6,55,여주시,
4167035027,여주시,대신면,장풍리,402,201,201,6,58,여주시,
4167035028,여주시,대신면,옥촌리,391,205,186,8,35,여주시,
4167035029,여주시,대신면,윤촌리,157,76,81,5,22,여주시,
4167035030,여주시,대신면,무촌리,157,84,73,1,13,여주시,
4167035031,여주시,대신면,도롱리,152,78,74,4,16,여주시,
4167035032,여주시,대신면,계림리,238,127,111,1,19,여주시,
4167035033,여주시,대신면,송촌리,314,178,136,10,37,여주시,
4167035034,여주시,대신면,천서리,445,232,213,13,59,여주시,
4167035035,여주시,대신면,당남리,140,73,67,3,21,여주시,
4167035036,여주시,대신면,보통리,481,234,247,8,72,여주시,
4167035037,여주시,대신면,율촌리,942,473,469,21,138,여주시,
4167035038,여주시,대신면,초현리,504,265,239,13,90,여주시,
4167035039,여주시,대신면,양촌리,82,47,35,1,13,여주시,
4167036021,여주시,북내면,당우리,613,313,300,16,96,여주시,
4167036022,여주시,북내면,신남리,538,273,265,23,101,여주시,
4167036023,여주시,북내면,외룡리,275,158,117,5,48,여주시,
4167036024,여주시,북내면,내룡리,93,52,41,1,9,여주시,
4167036025,여주시,북내면,상교리,179,108,71,1,22,여주시,
4167036026,여주시,북내면,주암리,205,105,100,3,26,여주시,
4167036027,여주시,북내면,서원리,183,90,93,0,19,여주시,
4167036028,여주시,북내면,석우리,224,111,113,2,30,여주시,
4167036029,여주시,북내면,덕산리,177,88,89,3,33,여주시,
4167036030,여주시,북내면,장암리,397,213,184,12,65,여주시,
4167036031,여주시,북내면,중암리,278,144,134,6,29,여주시,
4167036032,여주시,북내면,운촌리,300,163,137,0,35,여주시,
4167036033,여주시,북내면,신접리,332,182,150,5,49,여주시,
4167036034,여주시,북내면,지내리,465,232,233,12,64,여주시,
4167036035,여주시,북내면,가정리,402,209,193,7,48,여주시,
4167037021,여주시,강천면,간매리,413,214,199,7,74,여주시,
4167037022,여주시,강천면,걸은리,479,254,225,10,58,여주시,
4167037023,여주시,강천면,이호리,507,260,247,11,82,여주시,
4167037024,여주시,강천면,가야리,619,311,308,19,96,여주시,
4167037025,여주시,강천면,적금리,490,243,247,11,72,여주시,
4167037026,여주시,강천면,굴암리,322,168,154,14,53,여주시,
4167037027,여주시,강천면,강천리,416,230,186,5,63,여주시,
4167037028,여주시,강천면,부평리,265,145,120,0,20,여주시,
4167037029,여주시,강천면,도전리,795,412,383,12,164,여주시,
4167038021,여주시,산북면,상품리,819,424,395,28,155,여주시,
4167038022,여주시,산북면,송현리,313,156,157,11,46,여주시,
4167038023,여주시,산북면,후리,212,113,99,6,27,여주시,
4167038024,여주시,산북면,명품리,268,140,128,7,33,여주시,
4167038025,여주시,산북면,주어리,231,114,117,2,34,여주시,
4167038026,여주시,산북면,백자리,255,134,121,8,38,여주시,
4167038027,여주시,산북면,용담리,325,160,165,4,47,여주시,
4180025021,연천군,연천읍,차탄리,1530,805,725,36,214,연천군,
4180025022,연천군,연천읍,현가리,688,345,343,22,133,연천군,
4180025023,연천군,연천읍,상리,812,405,407,12,92,연천군,
4180025024,연천군,연천읍,와초리,236,116,120,6,32,연천군,
4180025025,연천군,연천읍,옥산리,1734,865,869,125,469,연천군,
4180025026,연천군,연천읍,읍내리,120,61,59,5,14,연천군,
4180025027,연천군,연천읍,동막리,309,169,140,11,45,연천군,
4180025028,연천군,연천읍,통현리,2070,1231,839,378,829,연천군,
4180025029,연천군,연천읍,고문리,244,137,107,3,21,연천군,
4180025300,연천군,전곡읍,,4,2,2,0,1,연천군,
4180025321,연천군,전곡읍,전곡리,12268,6192,6076,529,2626,연천군,
4180025322,연천군,전곡읍,은대리,4695,2459,2236,480,1392,연천군,
4180025323,연천군,전곡읍,신답리,260,132,128,4,34,연천군,
4180025324,연천군,전곡읍,고능리,104,58,46,3,11,연천군,
4180025325,연천군,전곡읍,마포리,16,9,7,0,2,연천군,
4180025326,연천군,전곡읍,양원리,341,195,146,3,39,연천군,
4180025327,연천군,전곡읍,간파리,132,83,49,0,17,연천군,
4180025328,연천군,전곡읍,늘목리,194,101,93,2,18,연천군,
4180031021,연천군,군남면,진상리,475,240,235,9,55,연천군,
4180031022,연천군,군남면,옥계리,455,232,223,1,45,연천군,
4180031023,연천군,군남면,삼거리,395,194,201,8,39,연천군,
4180031024,연천군,군남면,왕림리,263,173,90,3,43,연천군,
4180031025,연천군,군남면,선곡리,287,147,140,1,30,연천군,
4180031026,연천군,군남면,황지리,415,238,177,6,62,연천군,
4180031027,연천군,군남면,남계리,617,316,301,16,88,연천군,
4180032021,연천군,청산면,초성리,1472,745,727,35,212,연천군,
4180032022,연천군,청산면,대전리,342,203,139,5,40,연천군,
4180032023,연천군,청산면,장탄리,333,174,159,2,43,연천군,
4180032024,연천군,청산면,궁평리,948,524,424,28,142,연천군,
4180032025,연천군,청산면,백의리,962,524,438,33,192,연천군,
4180033021,연천군,백학면,두일리,721,371,350,18,85,연천군,
4180033022,연천군,백학면,백령리,321,165,156,2,37,연천군,
4180033023,연천군,백학면,통구리,164,92,72,1,24,연천군,
4180033024,연천군,백학면,전동리,154,83,71,1,16,연천군,
4180033025,연천군,백학면,노곡리,567,309,258,9,77,연천군,
4180033026,연천군,백학면,학곡리,143,73,70,6,30,연천군,
4180033027,연천군,백학면,구미리,118,64,54,4,12,연천군,
4180033028,연천군,백학면,두현리,41,23,18,2,5,연천군,
4180033046,연천군,백학면,석장리,194,111,83,4,28,연천군,
4180034021,연천군,미산면,동이리,167,100,67,4,11,연천군,
4180034022,연천군,미산면,아미리,336,184,152,6,40,연천군,
4180034023,연천군,미산면,백석리,212,118,94,3,33,연천군,
4180034024,연천군,미산면,유촌리,249,124,125,2,29,연천군,
4180034025,연천군,미산면,광동리,63,34,29,4,9,연천군,
4180034026,연천군,미산면,마전리,98,50,48,1,8,연천군,
4180034027,연천군,미산면,우정리,346,193,153,4,43,연천군,
4180034028,연천군,미산면,삼화리,157,84,73,4,15,연천군,
4180035021,연천군,왕징면,무등리,331,171,160,4,36,연천군,
4180035022,연천군,왕징면,노동리,132,73,59,5,20,연천군,
4180035023,연천군,왕징면,북삼리,300,156,144,4,28,연천군,
4180035026,연천군,왕징면,동중리,192,114,78,1,30,연천군,
4180036021,연천군,신서면,대광리,778,382,396,10,83,연천군,
4180036022,연천군,신서면,도신리,1387,728,659,20,172,연천군,
4180036023,연천군,신서면,내산리,181,93,88,1,15,연천군,
4180036025,연천군,신서면,답곡리,48,25,23,0,2,연천군,
4180037021,연천군,중면,삼곶리,83,41,42,1,19,연천군,
4180037022,연천군,중면,횡산리,55,33,22,0,6,연천군,
4180037024,연천군,중면,적거리,3,3,0,0,1,연천군,
4180037026,연천군,중면,합수리,16,11,5,0,1,연천군,
4180038021,연천군,장남면,원당리,594,302,292,7,62,연천군,
4180038022,연천군,장남면,자작리,61,29,32,1,9,연천군,
4180038023,연천군,장남면,판부리,9,6,3,0,1,연천군,
4180038025,연천군,장남면,고랑포리,32,18,14,1,3,연천군,
4182025000,가평군,가평읍,,7,4,3,2,2,가평군,
4182025021,가평군,가평읍,읍내리,9283,4605,4678,476,2228,가평군,
4182025022,가평군,가평읍,대곡리,5521,2808,2713,422,1612,가평군,
4182025023,가평군,가평읍,달전리,1615,841,774,47,293,가평군,
4182025024,가평군,가평읍,하색리,541,287,254,14,87,가평군,
4182025025,가평군,가평읍,상색리,242,132,110,3,29,가평군,
4182025026,가평군,가평읍,두밀리,502,249,253,8,58,가평군,
4182025027,가평군,가평읍,경반리,620,317,303,45,138,가평군,
4182025028,가평군,가평읍,승안리,686,359,327,20,120,가평군,
4182025029,가평군,가평읍,마장리,830,413,417,21,130,가평군,
4182025030,가평군,가평읍,개곡리,368,191,177,7,44,가평군,
4182025031,가평군,가평읍,이화리,254,130,124,7,42,가평군,
4182025032,가평군,가평읍,산유리,277,144,133,5,31,가평군,
4182025033,가평군,가평읍,복장리,231,124,107,8,54,가평군,
4182025034,가평군,가평읍,금대리,303,168,135,8,57,가평군,
4182031021,가평군,설악면,신천리,1958,1022,936,109,413,가평군,
4182031022,가평군,설악면,선촌리,2063,1072,991,173,473,가평군,
4182031023,가평군,설악면,회곡리,491,254,237,8,93,가평군,
4182031024,가평군,설악면,사룡리,214,119,95,2,41,가평군,
4182031025,가평군,설악면,송산리,428,228,200,26,75,가평군,
4182031026,가평군,설악면,미사리,217,115,102,3,33,가평군,
4182031027,가평군,설악면,위곡리,756,403,353,13,100,가평군,
4182031028,가평군,설악면,창의리,539,280,259,20,89,가평군,
4182031029,가평군,설악면,엄소리,360,188,172,2,38,가평군,
4182031030,가평군,설악면,설곡리,455,227,228,5,50,가평군,
4182031031,가평군,설악면,묵안리,425,214,211,7,39,가평군,
4182031032,가평군,설악면,가일리,492,242,250,12,75,가평군,
4182031033,가평군,설악면,방일리,505,249,256,6,59,가평군,
4182031034,가평군,설악면,천안리,466,224,242,9,73,가평군,
4182031035,가평군,설악면,이천리,291,143,148,9,47,가평군,
4182032500,가평군,청평면,,1,0,1,0,0,가평군,
4182032521,가평군,청평면,청평리,8656,4424,4232,290,1759,가평군,
4182032522,가평군,청평면,상천리,1666,826,840,26,218,가평군,
4182032523,가평군,청평면,하천리,576,302,274,10,72,가평군,
4182032524,가평군,청평면,대성리,1387,711,676,46,247,가평군,
4182032525,가평군,청평면,호명리,202,114,88,2,28,가평군,
4182032526,가평군,청평면,고성리,303,164,139,12,52,가평군,
4182032527,가평군,청평면,삼회리,521,274,247,8,86,가평군,
4182033021,가평군,상면,연하리,792,403,389,31,142,가평군,
4182033022,가평군,상면,항사리,614,315,299,9,98,가평군,
4182033023,가평군,상면,행현리,964,504,460,19,166,가평군,
4182033024,가평군,상면,임초리,737,366,371,22,106,가평군,
4182033025,가평군,상면,덕현리,628,321,307,9,80,가평군,
4182033026,가평군,상면,태봉리,265,155,110,1,31,가평군,
4182033027,가평군,상면,상동리,298,155,143,5,40,가평군,
4182033028,가평군,상면,율길리,521,298,223,7,72,가평군,
4182033029,가평군,상면,봉수리,312,176,136,0,42,가평군,
4182033030,가평군,상면,원흥리,246,134,112,8,36,가평군,
4182034500,가평군,조종면,,4,2,2,0,2,가평군,
4182034521,가평군,조종면,현리,5379,2820,2559,471,1535,가평군,
4182034522,가평군,조종면,신상리,732,379,353,25,121,가평군,
4182034524,가평군,조종면,상판리,366,203,163,7,49,가평군,
4182034525,가평군,조종면,신하리,464,251,213,8,82,가평군,
4182034526,가평군,조종면,마일리,342,153,189,2,53,가평군,
4182034527,가평군,조종면,대보리,615,333,282,11,107,가평군,
4182034528,가평군,조종면,운악리,1250,719,531,4,157,가평군,
4182035021,가평군,북면,목동리,674,356,318,13,104,가평군,
4182035022,가평군,북면,소법리,260,128,132,4,35,가평군,
4182035023,가평군,북면,화악리,515,262,253,11,59,가평군,
4182035024,가평군,북면,도대리,413,215,198,3,51,가평군,
4182035025,가평군,북면,적목리,309,165,144,5,36,가평군,
4182035026,가평군,북면,백둔리,380,208,172,4,44,가평군,
4182035027,가평군,북면,제령리,448,235,213,11,67,가평군,
4182035028,가평군,북면,이곡리,529,260,269,16,88,가평군,
4183025021,양평군,양평읍,양근리,16653,8061,8592,1329,4668,양평군,
4183025022,양평군,양평읍,오빈리,1253,648,605,39,207,양평군,
4183025023,양평군,양평읍,신애리,548,267,281,16,91,양평군,
4183025024,양평군,양평읍,덕평리,507,275,232,15,81,양평군,
4183025025,양평군,양평읍,공흥리,5360,2653,2707,302,1390,양평군,
4183025026,양평군,양평읍,백안리,5374,2739,2635,308,1382,양평군,
4183025027,양평군,양평읍,도곡리,1000,538,462,30,190,양평군,
4183025028,양평군,양평읍,대흥리,952,501,451,11,194,양평군,
4183025029,양평군,양평읍,봉성리,521,261,260,15,89,양평군,
4183025030,양평군,양평읍,원덕리,262,135,127,5,36,양평군,
4183025031,양평군,양평읍,회현리,1456,748,708,49,269,양평군,
4183025032,양평군,양평읍,창대리,3832,1980,1852,288,1092,양평군,
4183031021,양평군,강상면,병산리,4257,2071,2186,363,1126,양평군,
4183031022,양평군,강상면,송학리,1461,744,717,62,285,양평군,
4183031023,양평군,강상면,교평리,1649,824,825,76,341,양평군,
4183031024,양평군,강상면,신화리,919,465,454,55,210,양평군,
4183031025,양평군,강상면,화양리,670,349,321,21,110,양평군,
4183031026,양평군,강상면,세월리,793,389,404,56,152,양평군,
4183031027,양평군,강상면,대석리,367,196,171,3,51,양평군,
4183032021,양평군,강하면,운심리,537,286,251,14,80,양평군,
4183032022,양평군,강하면,왕창리,803,413,390,20,125,양평군,
4183032023,양평군,강하면,동오리,719,362,357,18,82,양평군,
4183032024,양평군,강하면,항금리,466,214,252,9,64,양평군,
4183032025,양평군,강하면,성덕리,769,399,370,22,101,양평군,
4183032026,양평군,강하면,전수리,1553,758,795,51,278,양평군,
4183033021,양평군,양서면,양수리,3475,1668,1807,131,674,양평군,
4183033022,양평군,양서면,용담리,2317,1130,1187,97,507,양평군,
4183033023,양평군,양서면,부용리,659,350,309,19,119,양평군,
4183033024,양평군,양서면,목왕리,1140,536,604,63,239,양평군,
4183033025,양평군,양서면,신원리,710,368,342,37,112,양평군,
4183033026,양평군,양서면,도곡리,262,131,131,9,41,양평군,
4183033027,양평군,양서면,대심리,665,323,342,25,127,양평군,
4183033028,양평군,양서면,국수리,1696,832,864,72,324,양평군,
4183033029,양평군,양서면,복포리,1310,660,650,58,271,양평군,
4183033030,양평군,양서면,청계리,564,289,275,24,99,양평군,
4183033031,양평군,양서면,증동리,1072,541,531,45,198,양평군,
4183034021,양평군,옥천면,옥천리,2718,1378,1340,149,595,양평군,
4183034022,양평군,옥천면,용천리,1953,992,961,78,381,양평군,
4183034023,양평군,옥천면,신복리,1792,879,913,67,320,양평군,
4183034024,양평군,옥천면,아신리,1554,828,726,55,320,양평군,
4183035021,양평군,서종면,문호리,4195,2045,2150,222,913,양평군,
4183035022,양평군,서종면,도장리,841,411,430,48,198,양평군,
4183035023,양평군,서종면,수능리,1312,645,667,56,252,양평군,
4183035024,양평군,서종면,서후리,721,349,372,14,103,양평군,
4183035025,양평군,서종면,정배리,776,401,375,35,162,양평군,
4183035026,양평군,서종면,명달리,421,216,205,10,64,양평군,
4183035027,양평군,서종면,노문리,289,139,150,9,60,양평군,
4183035028,양평군,서종면,수입리,1309,688,621,52,270,양평군,
4183036021,양평군,단월면,보룡리,618,313,305,21,81,양평군,
4183036022,양평군,단월면,삼가리,364,195,169,11,46,양평군,
4183036023,양평군,단월면,봉상리,518,273,245,7,76,양평군,
4183036024,양평군,단월면,향소리,510,267,243,15,79,양평군,
4183036025,양평군,단월면,덕수리,432,224,208,5,107,양평군,
4183036026,양평군,단월면,부안리,530,278,252,14,70,양평군,
4183036027,양평군,단월면,명성리,343,179,164,3,52,양평군,
4183036028,양평군,단월면,석산리,250,119,131,1,39,양평군,
4183036029,양평군,단월면,산음리,365,183,182,4,54,양평군,
4183037021,양평군,청운면,용두리,847,440,407,16,120,양평군,
4183037022,양평군,청운면,여물리,328,153,175,7,45,양평군,
4183037023,양평군,청운면,비룡리,391,193,198,8,54,양평군,
4183037024,양평군,청운면,가현리,404,216,188,9,67,양평군,
4183037025,양평군,청운면,갈운리,690,365,325,12,79,양평군,
4183037026,양평군,청운면,도원리,54,26,28,0,9,양평군,
4183037027,양평군,청운면,신론리,485,262,223,7,60,양평군,
4183037028,양평군,청운면,삼성리,283,148,135,1,25,양평군,
4183037029,양평군,청운면,다대리,232,115,117,5,29,양평군,
4183038021,양평군,양동면,쌍학리,822,428,394,27,126,양평군,
4183038022,양평군,양동면,석곡리,399,200,199,9,44,양평군,
4183038023,양평군,양동면,매월리,472,239,233,6,51,양평군,
4183038024,양평군,양동면,고송리,509,260,249,17,66,양평군,
4183038025,양평군,양동면,금왕리,433,227,206,8,48,양평군,
4183038026,양평군,양동면,계정리,604,315,289,14,86,양평군,
4183038027,양평군,양동면,삼산리,653,324,329,12,98,양평군,
4183038028,양평군,양동면,단석리,597,277,320,3,68,양평군,
4183039521,양평군,지평면,지평리,1212,615,597,44,194,양평군,
4183039522,양평군,지평면,송현리,887,452,435,31,139,양평군,
4183039523,양평군,지평면,월산리,816,419,397,21,91,양평군,
4183039524,양평군,지평면,망미리,636,322,314,8,79,양평군,
4183039525,양평군,지평면,무왕리,432,214,218,3,44,양평군,
4183039526,양평군,지평면,일신리,677,347,330,12,83,양평군,
4183039527,양평군,지평면,대평리,367,216,151,4,40,양평군,
4183039528,양평군,지평면,곡수리,427,211,216,10,69,양평군,
4183039529,양평군,지평면,수곡리,467,231,236,19,61,양평군,
4183039530,양평군,지평면,옥현리,705,345,360,22,92,양평군,
4183040021,양평군,용문면,마룡리,2401,1255,1146,304,851,양평군,
4183040022,양평군,용문면,화전리,970,530,440,34,153,양평군,
4183040023,양평군,용문면,삼성리,1115,566,549,29,180,양평군,
4183040024,양평군,용문면,다문리,7495,3648,3847,350,1645,양평군,
4183040025,양평군,용문면,연수리,988,481,507,16,125,양평군,
4183040026,양평군,용문면,금곡리,713,374,339,19,121,양평군,
4183040027,양평군,용문면,광탄리,1126,563,563,37,173,양평군,
4183040028,양평군,용문면,망능리,394,192,202,16,68,양평군,
4183040029,양평군,용문면,중원리,704,342,362,28,118,양평군,
4183040030,양평군,용문면,조현리,828,436,392,43,175,양평군,
4183040031,양평군,용문면,덕촌리,759,372,387,20,108,양평군,
4183040032,양평군,용문면,오촌리,265,132,133,9,39,양평군,
4183040033,양평군,용문면,신점리,576,290,286,13,88,양평군,
4183041021,양평군,개군면,하자포리,870,435,435,36,165,양평군,
4183041022,양평군,개군면,구미리,128,61,67,5,20,양평군,
4183041023,양평군,개군면,앙덕리,369,194,175,13,84,양평군,
4183041024,양평군,개군면,석장리,465,236,229,8,72,양평군,
4183041025,양평군,개군면,공세리,654,324,330,15,105,양평군,
4183041026,양평군,개군면,불곡리,301,164,137,12,46,양평군,
4183041027,양평군,개군면,부리,578,299,279,22,97,양평군,
4183041028,양평군,개군면,자연리,238,127,111,10,37,양평군,
4183041029,양평군,개군면,내리,266,138,128,2,36,양평군,
4183041030,양평군,개군면,향리,147,79,68,2,26,양평군,
4183041031,양평군,개군면,주읍리,205,94,111,1,20,양평군,
4183041032,양평군,개군면,계전리,402,210,192,6,50,양평군,
4183041033,양평군,개군면,상자포리,475,250,225,13,74,양평군,
